scale,regime,method,Z1min,Z2min,Z2opt_pct,front,cpu_s,evals
large,e<0,ALNS,447.356,0.072,83.333,10.567,29.861,10000.0
large,e<0,CPM,400.026,0.0,100.0,6.067,153.941,9666.667
large,e<0,CPM-blind,446.513,0.0,100.0,6.733,145.765,8311.333
large,e<0,LPT+EDD,601.339,13.745,0.0,1.567,0.002,3.0
large,e<0,NSGA-II,473.849,0.025,90.0,5.5,7.105,10000.0
large,e=0,ALNS,590.746,0.35,20.0,9.867,32.021,10000.0
large,e=0,CPM,535.405,0.0,100.0,6.9,337.566,8575.033
large,e=0,CPM-blind,590.376,0.0,100.0,7.033,375.16,5671.933
large,e=0,LPT+EDD,820.23,11.208,0.0,2.567,0.002,3.0
large,e=0,NSGA-II,622.026,0.217,30.0,6.967,6.034,10000.0
large,e>0,ALNS,1035.525,1.064,76.667,10.167,72.356,10000.0
large,e>0,CPM,932.157,1.0,100.0,6.867,412.306,3119.333
large,e>0,CPM-blind,1049.423,1.0,100.0,5.467,261.162,1758.033
large,e>0,LPT+EDD,1489.759,6.47,0.0,2.233,0.002,3.0
large,e>0,NSGA-II,1110.906,1.517,13.333,6.4,5.7,10000.0
medium,e<0,ALNS,219.247,0.083,70.0,8.2,11.795,10000.0
medium,e<0,CPM,198.352,0.0,100.0,5.467,201.587,8569.367
medium,e<0,CPM-blind,220.056,0.0,100.0,5.467,159.759,5544.167
medium,e<0,LPT+EDD,282.609,6.567,0.0,1.5,0.002,3.0
medium,e<0,NSGA-II,223.185,0.025,90.0,6.467,5.046,10000.0
medium,e=0,ALNS,259.635,0.217,33.333,7.433,13.739,10000.0
medium,e=0,CPM,234.432,0.0,100.0,6.0,163.19,6009.833
medium,e=0,CPM-blind,261.219,0.0,100.0,5.8,101.08,3486.833
medium,e=0,LPT+EDD,350.137,5.869,0.0,2.2,0.002,3.0
medium,e=0,NSGA-II,266.608,0.108,56.667,5.767,4.802,10000.0
medium,e>0,ALNS,382.3,0.631,83.333,6.733,18.676,10000.0
medium,e>0,CPM,338.208,0.583,100.0,4.433,41.437,1874.433
medium,e>0,CPM-blind,388.767,0.583,100.0,4.2,21.668,930.067
medium,e>0,LPT+EDD,525.217,4.336,0.0,2.133,0.001,3.0
medium,e>0,NSGA-II,392.595,0.633,66.667,5.467,4.034,10000.0
small,e<0,ALNS,84.243,0.0,100.0,5.8,4.459,10000.0
small,e<0,CPM,80.798,0.0,100.0,3.9,12.796,3380.067
small,e<0,CPM-blind,85.747,0.0,100.0,3.933,9.589,2537.167
small,e<0,LPT+EDD,101.713,2.456,0.0,1.233,0.001,3.0
small,e<0,NSGA-II,84.538,0.0,100.0,5.5,3.772,10000.0
small,e=0,ALNS,100.531,0.1,60.0,6.333,4.934,10000.0
small,e=0,CPM,94.072,0.0,100.0,4.5,5.355,1239.633
small,e=0,CPM-blind,102.384,0.0,100.0,4.5,3.756,843.133
small,e=0,LPT+EDD,123.144,2.625,0.0,1.867,0.001,3.0
small,e=0,NSGA-II,101.241,0.042,83.333,5.633,3.635,10000.0
small,e>0,ALNS,151.267,0.586,96.667,5.133,5.685,10000.0
small,e>0,CPM,149.093,0.583,100.0,2.4,0.241,134.4
small,e>0,CPM-blind,162.854,0.583,100.0,2.4,0.175,92.367
small,e>0,LPT+EDD,189.506,1.839,0.0,2.033,0.001,3.0
small,e>0,NSGA-II,152.771,0.597,86.667,4.267,3.132,10000.0
verify,e<0,ALNS,39.591,0.0,100.0,2.911,1.756,10000.0
verify,e<0,CPM,38.972,0.0,100.0,2.478,0.199,354.067
verify,e<0,CPM-blind,40.759,0.0,100.0,2.378,0.16,288.489
verify,e<0,LPT+EDD,45.802,1.029,1.111,1.567,0.0,3.0
verify,e<0,NSGA-II,39.614,0.003,98.889,2.833,2.63,10000.0
verify,e=0,ALNS,44.09,0.008,96.667,3.233,2.126,10000.0
verify,e=0,CPM,43.103,0.0,100.0,2.478,0.108,188.789
verify,e=0,CPM-blind,45.559,0.0,100.0,2.478,0.086,147.978
verify,e=0,LPT+EDD,51.8,1.011,0.0,1.711,0.0,3.0
verify,e=0,NSGA-II,44.186,0.003,98.889,3.122,2.922,10000.0
verify,e>0,ALNS,58.834,0.251,98.889,3.056,1.886,10000.0
verify,e>0,CPM,61.646,0.25,100.0,1.878,0.02,56.489
verify,e>0,CPM-blind,64.543,0.25,100.0,1.833,0.015,43.656
verify,e>0,LPT+EDD,71.027,0.802,33.333,1.911,0.001,3.0
verify,e>0,NSGA-II,58.855,0.253,96.667,2.867,2.303,10000.0
xlarge,e<0,ALNS,829.155,0.503,6.667,15.0,20.313,10000.0
xlarge,e<0,CPM,755.382,0.0,100.0,5.1,23.959,9900.0
xlarge,e<0,CPM-blind,860.312,0.0,100.0,5.067,19.412,8266.667
xlarge,e<0,LPT+EDD,1147.667,25.005,0.0,1.433,0.001,3.0
xlarge,e<0,NSGA-II,914.168,0.161,43.333,7.5,3.428,10000.0
xlarge,e=0,ALNS,1062.376,1.114,0.0,12.6,58.006,10000.0
xlarge,e=0,CPM,930.213,0.0,100.0,8.967,227.423,9533.4
xlarge,e=0,CPM-blind,1045.495,0.0,100.0,9.733,214.6,8343.7
xlarge,e=0,LPT+EDD,1497.863,23.136,0.0,2.5,0.002,3.0
xlarge,e=0,NSGA-II,1177.089,0.428,0.0,8.067,7.386,10000.0
xlarge,e>0,ALNS,1999.419,2.011,16.667,12.967,150.402,10000.0
xlarge,e>0,CPM,1944.317,1.5,100.0,7.833,591.584,3276.667
xlarge,e>0,CPM-blind,1973.189,1.5,100.0,7.667,649.48,2905.333
xlarge,e>0,LPT+EDD,2867.732,13.619,0.0,2.133,0.002,3.0
xlarge,e>0,NSGA-II,2208.291,3.044,3.333,6.067,7.722,10000.0
