scale,a,b,rank_diff,significant
verify,CPM,CPM-blind,1.511,True
verify,CPM,NSGA-II,0.38,True
verify,CPM,ALNS,0.276,False
verify,CPM,LPT+EDD,2.898,True
verify,CPM-blind,NSGA-II,1.131,True
verify,CPM-blind,ALNS,1.235,True
verify,CPM-blind,LPT+EDD,1.387,True
verify,NSGA-II,ALNS,0.104,False
verify,NSGA-II,LPT+EDD,2.519,True
verify,ALNS,LPT+EDD,2.622,True
small,CPM,CPM-blind,2.078,True
small,CPM,NSGA-II,1.117,True
small,CPM,ALNS,0.561,False
small,CPM,LPT+EDD,3.439,True
small,CPM-blind,NSGA-II,0.961,True
small,CPM-blind,ALNS,1.517,True
small,CPM-blind,LPT+EDD,1.361,True
small,NSGA-II,ALNS,0.556,False
small,NSGA-II,LPT+EDD,2.322,True
small,ALNS,LPT+EDD,2.878,True
medium,CPM,CPM-blind,2.0,True
medium,CPM,NSGA-II,2.4,True
medium,CPM,ALNS,1.333,True
medium,CPM,LPT+EDD,3.933,True
medium,CPM-blind,NSGA-II,0.4,False
medium,CPM-blind,ALNS,0.667,True
medium,CPM-blind,LPT+EDD,1.933,True
medium,NSGA-II,ALNS,1.067,True
medium,NSGA-II,LPT+EDD,1.533,True
medium,ALNS,LPT+EDD,2.6,True
large,CPM,CPM-blind,1.344,True
large,CPM,NSGA-II,2.917,True
large,CPM,ALNS,1.539,True
large,CPM,LPT+EDD,3.95,True
large,CPM-blind,NSGA-II,1.572,True
large,CPM-blind,ALNS,0.194,False
large,CPM-blind,LPT+EDD,2.606,True
large,NSGA-II,ALNS,1.378,True
large,NSGA-II,LPT+EDD,1.033,True
large,ALNS,LPT+EDD,2.411,True
xlarge,CPM,CPM-blind,0.989,True
xlarge,CPM,NSGA-II,2.817,True
xlarge,CPM,ALNS,1.506,True
xlarge,CPM,LPT+EDD,3.828,True
xlarge,CPM-blind,NSGA-II,1.828,True
xlarge,CPM-blind,ALNS,0.517,False
xlarge,CPM-blind,LPT+EDD,2.839,True
xlarge,NSGA-II,ALNS,1.311,True
xlarge,NSGA-II,LPT+EDD,1.011,True
xlarge,ALNS,LPT+EDD,2.322,True
