scale,method,"C(CPM,B)","C(B,CPM)"
large,ALNS,0.935,0.024
large,CPM-blind,0.92,0.0
large,LPT+EDD,1.0,0.0
large,NSGA-II,0.933,0.01
medium,ALNS,0.868,0.057
medium,CPM-blind,0.997,0.0
medium,LPT+EDD,1.0,0.0
medium,NSGA-II,0.84,0.054
small,ALNS,0.721,0.097
small,CPM-blind,0.891,0.0
small,LPT+EDD,0.989,0.0
small,NSGA-II,0.73,0.099
verify,ALNS,0.57,0.054
verify,CPM-blind,0.68,0.0
verify,LPT+EDD,0.885,0.001
verify,NSGA-II,0.568,0.051
xlarge,ALNS,0.925,0.025
xlarge,CPM-blind,0.69,0.0
xlarge,LPT+EDD,1.0,0.0
xlarge,NSGA-II,0.917,0.026
