,,HV,IGD,HVn,IGDplus,Z1min,Z2min,water_m3,Z2opt_pct,front,cpu_s,evals
verify,CPM,46.064,6.315,0.962,0.062,47.907,0.083,1.067,100.0,2.278,0.109,199.781
verify,CPM-blind,42.357,9.088,0.829,0.174,50.287,0.083,1.067,100.0,2.23,0.087,160.041
verify,NSGA-II,45.091,3.625,0.929,0.097,47.552,0.086,1.102,98.148,2.941,2.618,10000.0
verify,ALNS,45.119,3.232,0.93,0.096,47.505,0.086,1.106,98.519,3.067,1.922,10000.0
verify,LPT+EDD,11.921,71.874,0.153,0.825,56.21,0.947,12.125,11.481,1.73,0.0,3.0
small,CPM,301.144,8.344,1.092,0.017,107.988,0.194,2.489,100.0,3.6,6.131,1584.7
small,CPM-blind,272.282,16.809,0.929,0.14,116.995,0.194,2.489,100.0,3.611,4.507,1157.556
small,NSGA-II,284.11,13.172,1.002,0.092,112.85,0.213,2.726,90.0,5.133,3.513,10000.0
small,ALNS,286.461,11.613,1.013,0.085,112.013,0.229,2.927,85.556,5.756,5.026,10000.0
small,LPT+EDD,57.378,180.425,0.119,0.884,138.121,2.307,29.524,0.0,1.711,0.001,3.0
medium,CPM,3075.406,6.132,1.167,0.003,256.997,0.194,2.489,100.0,5.3,135.404,5484.544
medium,CPM-blind,2800.948,34.358,1.018,0.096,290.014,0.194,2.489,100.0,5.156,94.169,3320.356
medium,NSGA-II,2778.287,44.367,1.009,0.1,294.13,0.256,3.271,71.111,5.9,4.627,10000.0
medium,ALNS,2822.557,44.48,1.035,0.085,287.061,0.31,3.97,62.222,7.456,14.737,10000.0
medium,LPT+EDD,673.964,522.418,0.157,0.894,385.987,5.591,71.561,0.0,1.944,0.002,3.0
large,CPM,14183.152,5.897,1.192,0.001,622.529,0.333,4.267,100.0,6.611,301.271,7120.344
large,CPM-blind,12920.293,64.102,1.054,0.083,695.438,0.333,4.267,100.0,6.411,260.696,5247.1
large,NSGA-II,12101.221,116.446,0.97,0.133,735.594,0.586,7.502,44.444,6.289,6.28,10000.0
large,ALNS,12913.621,86.194,1.054,0.083,691.209,0.495,6.341,60.0,10.2,44.746,10000.0
large,LPT+EDD,2714.152,1121.918,0.15,0.944,970.443,10.474,134.069,0.0,2.122,0.002,3.0
xlarge,CPM,49308.017,14.27,1.195,0.001,1209.97,0.5,6.4,100.0,7.3,280.989,7570.022
xlarge,CPM-blind,46674.8,79.555,1.094,0.051,1292.998,0.5,6.4,100.0,7.489,294.498,6505.233
xlarge,NSGA-II,41342.18,217.62,0.959,0.129,1433.182,1.211,15.502,15.556,7.211,6.179,10000.0
xlarge,ALNS,45558.888,151.577,1.079,0.065,1296.983,1.209,15.478,7.778,13.522,76.24,10000.0
xlarge,LPT+EDD,7778.44,2188.666,0.127,0.97,1837.754,20.587,263.513,0.0,2.022,0.002,3.0
