scale,method,clock,HV,IGD,Z1min,Z2min,Z2opt_pct,cpu_s,cpu_max,evals
large,ALNS,302.0,11714.09,85.795,665.856,0.421,72.222,302.008,302.016,131462.611
large,CPM,302.0,13004.423,11.727,588.094,0.333,100.0,283.68,304.865,13736.167
large,CPM-blind,302.0,11479.04,80.116,680.339,0.333,100.0,206.255,272.033,8098.444
large,LPT+EDD,302.0,2530.669,1095.095,923.378,10.264,0.0,0.0,0.003,3.0
large,NSGA-II,302.0,11453.179,88.825,683.672,0.417,61.111,302.008,302.014,595868.889
medium,ALNS,136.0,3226.795,31.504,281.272,0.236,83.333,136.004,136.014,95428.5
medium,CPM,136.0,3500.269,10.313,249.06,0.194,100.0,88.775,136.042,5549.111
medium,CPM-blind,136.0,3183.359,34.427,284.89,0.194,100.0,66.883,109.077,3406.611
medium,LPT+EDD,136.0,888.435,538.872,383.456,5.796,0.0,0.001,0.004,3.0
medium,NSGA-II,136.0,3178.757,35.977,287.326,0.218,83.333,136.008,136.016,389689.389
small,ALNS,7.0,289.381,9.84,109.618,0.213,88.889,7.004,7.013,37888.611
small,CPM,7.0,296.273,10.981,106.75,0.194,100.0,1.202,5.165,1292.611
small,CPM-blind,7.0,274.69,16.4,113.561,0.194,100.0,0.902,3.54,988.444
small,LPT+EDD,7.0,65.885,169.772,129.205,2.19,0.0,0.0,0.0,3.0
small,NSGA-II,7.0,288.034,10.998,110.376,0.208,94.444,7.006,7.016,59146.278
xlarge,ALNS,281.0,45045.355,158.159,1277.294,0.838,22.222,281.014,281.032,64529.722
xlarge,CPM,281.0,49870.143,16.145,1137.952,0.5,100.0,279.244,281.188,18545.222
xlarge,CPM-blind,281.0,45084.974,121.637,1286.723,0.5,100.0,240.042,253.49,12795.722
xlarge,LPT+EDD,281.0,6668.566,2257.548,1832.95,20.653,0.0,0.001,0.008,3.0
xlarge,NSGA-II,281.0,42842.798,175.09,1345.664,0.856,33.333,281.008,281.014,418246.722
