instance,scale,n,machines,families,tau,replication,excess,method,seconds_budget,z1_min,z2_min,front_size,hypervolume,igd,z2_optimal,seconds,evaluations,feasible
sm_n30_m2_f4_c2_t0.3_r0,small,30,2,4,0.3,0,2,CPM,7.0,83.3335,0.5833,2,482.1642,59.9462,True,0.24,198,True
sm_n30_m2_f4_c2_t0.3_r0,small,30,2,4,0.3,0,2,CPM-blind,7.0,96.7669,0.5833,3,430.9308,49.8749,True,0.174,138,True
sm_n30_m2_f4_c2_t0.3_r0,small,30,2,4,0.3,0,2,NSGA-II,7.0,78.9833,0.5833,6,487.7515,20.3104,True,7.004,61600,True
sm_n30_m2_f4_c2_t0.3_r0,small,30,2,4,0.3,0,2,ALNS,7.0,73.3836,0.5833,8,505.4081,4.5472,True,7.0,25187,True
sm_n30_m2_f4_c2_t0.3_r0,small,30,2,4,0.3,0,2,LPT+EDD,7.0,94.4163,2.3334,3,226.0406,119.1122,False,0.0,3,True
sm_n30_m2_f4_c2_t0.3_r1,small,30,2,4,0.3,1,2,CPM,7.0,32.8334,0.5833,3,233.5324,19.8682,True,0.089,148,True
sm_n30_m2_f4_c2_t0.3_r1,small,30,2,4,0.3,1,2,CPM-blind,7.0,32.8334,0.5833,3,233.5324,19.8682,True,0.055,91,True
sm_n30_m2_f4_c2_t0.3_r1,small,30,2,4,0.3,1,2,NSGA-II,7.0,32.5001,0.5833,2,256.7754,2.2,True,7.003,55715,True
sm_n30_m2_f4_c2_t0.3_r1,small,30,2,4,0.3,1,2,ALNS,7.0,32.5001,0.5833,2,257.1424,0.0,True,7.013,29632,True
sm_n30_m2_f4_c2_t0.3_r1,small,30,2,4,0.3,1,2,LPT+EDD,7.0,49.8835,1.8334,1,43.0299,121.7388,False,0.0,3,True
sm_n30_m2_f4_c2_t0.5_r0,small,30,2,4,0.5,0,2,CPM,7.0,119.6001,0.5833,3,583.4009,18.729,True,0.095,205,True
sm_n30_m2_f4_c2_t0.5_r0,small,30,2,4,0.5,0,2,CPM-blind,7.0,120.3667,0.5833,3,580.0536,19.4617,True,0.047,129,True
sm_n30_m2_f4_c2_t0.5_r0,small,30,2,4,0.5,0,2,NSGA-II,7.0,120.7834,0.5833,4,587.0605,21.7463,True,7.016,62460,True
sm_n30_m2_f4_c2_t0.5_r0,small,30,2,4,0.5,0,2,ALNS,7.0,117.3,0.5833,8,595.5457,0.4095,True,7.003,31521,True
sm_n30_m2_f4_c2_t0.5_r0,small,30,2,4,0.5,0,2,LPT+EDD,7.0,153.233,2.0834,3,144.0294,149.4464,False,0.0,3,True
sm_n30_m2_f4_c2_t0.5_r1,small,30,2,4,0.5,1,2,CPM,7.0,125.1833,0.5833,3,116.2882,0.0,True,0.047,94,True
sm_n30_m2_f4_c2_t0.5_r1,small,30,2,4,0.5,1,2,CPM-blind,7.0,128.3833,0.5833,3,105.8414,6.2667,True,0.026,57,True
sm_n30_m2_f4_c2_t0.5_r1,small,30,2,4,0.5,1,2,NSGA-II,7.0,131.2833,0.5833,3,100.7274,8.6416,True,7.001,60180,True
sm_n30_m2_f4_c2_t0.5_r1,small,30,2,4,0.5,1,2,ALNS,7.0,128.3833,0.5833,3,105.8414,6.2667,True,7.001,28851,True
sm_n30_m2_f4_c2_t0.5_r1,small,30,2,4,0.5,1,2,LPT+EDD,7.0,149.7833,1.4167,2,28.7675,63.9077,False,0.0,3,True
sm_n30_m2_f4_c2_t0.7_r0,small,30,2,4,0.7,0,2,CPM,7.0,238.5001,0.5833,4,226.1537,0.0,True,0.102,188,True
sm_n30_m2_f4_c2_t0.7_r0,small,30,2,4,0.7,0,2,CPM-blind,7.0,250.6335,0.5833,3,208.6656,15.843,True,0.052,96,True
sm_n30_m2_f4_c2_t0.7_r0,small,30,2,4,0.7,0,2,NSGA-II,7.0,250.6335,0.5833,3,208.6656,15.843,True,7.013,59044,True
sm_n30_m2_f4_c2_t0.7_r0,small,30,2,4,0.7,0,2,ALNS,7.0,250.6335,0.6667,2,205.5956,32.2085,False,7.001,19902,True
sm_n30_m2_f4_c2_t0.7_r0,small,30,2,4,0.7,0,2,LPT+EDD,7.0,276.8336,1.8334,1,33.4557,105.3473,False,0.0,3,True
sm_n30_m2_f4_c2_t0.7_r1,small,30,2,4,0.7,1,2,CPM,7.0,284.5166,0.5833,2,459.0192,54.1717,True,0.058,73,True
sm_n30_m2_f4_c2_t0.7_r1,small,30,2,4,0.7,1,2,CPM-blind,7.0,293.7166,0.5833,2,422.9866,59.0603,True,0.054,73,True
sm_n30_m2_f4_c2_t0.7_r1,small,30,2,4,0.7,1,2,NSGA-II,7.0,283.6163,0.5833,10,453.4146,5.6625,True,7.001,62520,True
sm_n30_m2_f4_c2_t0.7_r1,small,30,2,4,0.7,1,2,ALNS,7.0,282.4497,0.5833,6,457.8601,4.6,True,7.002,23569,True
sm_n30_m2_f4_c2_t0.7_r1,small,30,2,4,0.7,1,2,LPT+EDD,7.0,326.5156,1.9167,2,115.8968,115.8841,False,0.0,3,True
sm_n30_m4_f4_c2_t0.3_r0,small,30,4,4,0.3,0,0,CPM,7.0,32.9832,0.0,3,408.1898,0.0,True,1.462,946,True
sm_n30_m4_f4_c2_t0.3_r0,small,30,4,4,0.3,0,0,CPM-blind,7.0,48.0832,0.0,3,343.9813,10.9,True,1.203,963,True
sm_n30_m4_f4_c2_t0.3_r0,small,30,4,4,0.3,0,0,NSGA-II,7.0,37.6334,0.0,8,382.5204,10.1309,True,7.002,59280,True
sm_n30_m4_f4_c2_t0.3_r0,small,30,4,4,0.3,0,0,ALNS,7.0,37.6334,0.0,7,382.4149,10.1309,True,7.002,35660,True
sm_n30_m4_f4_c2_t0.3_r0,small,30,4,4,0.3,0,0,LPT+EDD,7.0,48.5501,3.4168,3,84.3504,315.4202,False,0.0,3,True
sm_n30_m4_f4_c2_t0.3_r1,small,30,4,4,0.3,1,0,CPM,7.0,32.55,0.0,3,187.8948,0.0,True,1.495,1782,True
sm_n30_m4_f4_c2_t0.3_r1,small,30,4,4,0.3,1,0,CPM-blind,7.0,38.4334,0.0,6,165.9443,11.4083,True,0.927,1186,True
sm_n30_m4_f4_c2_t0.3_r1,small,30,4,4,0.3,1,0,NSGA-II,7.0,35.2168,0.0,8,175.0066,10.3,True,7.011,61924,True
sm_n30_m4_f4_c2_t0.3_r1,small,30,4,4,0.3,1,0,ALNS,7.0,34.2168,0.0,10,176.2094,10.3,True,7.001,45268,True
sm_n30_m4_f4_c2_t0.3_r1,small,30,4,4,0.3,1,0,LPT+EDD,7.0,47.2335,2.4167,1,20.2838,217.7845,False,0.0,3,True
sm_n30_m4_f4_c2_t0.5_r0,small,30,4,4,0.5,0,0,CPM,7.0,78.1998,0.0,5,315.4839,2.3286,True,1.496,946,True
sm_n30_m4_f4_c2_t0.5_r0,small,30,4,4,0.5,0,0,CPM-blind,7.0,83.5664,0.0,5,302.585,5.9636,True,1.339,935,True
sm_n30_m4_f4_c2_t0.5_r0,small,30,4,4,0.5,0,0,NSGA-II,7.0,83.1998,0.0,8,311.9893,4.9651,True,7.001,58560,True
sm_n30_m4_f4_c2_t0.5_r0,small,30,4,4,0.5,0,0,ALNS,7.0,83.1998,0.0,9,312.1838,4.2166,True,7.011,31928,True
sm_n30_m4_f4_c2_t0.5_r0,small,30,4,4,0.5,0,0,LPT+EDD,7.0,106.9495,1.7499,1,85.2535,125.4473,False,0.0,3,True
sm_n30_m4_f4_c2_t0.5_r1,small,30,4,4,0.5,1,0,CPM,7.0,82.9,0.0,4,593.3819,13.0875,True,0.636,1053,True
sm_n30_m4_f4_c2_t0.5_r1,small,30,4,4,0.5,1,0,CPM-blind,7.0,104.3,0.0,4,522.9903,31.9113,True,0.312,475,True
sm_n30_m4_f4_c2_t0.5_r1,small,30,4,4,0.5,1,0,NSGA-II,7.0,100.55,0.0,5,538.1512,28.2256,True,7.002,59580,True
sm_n30_m4_f4_c2_t0.5_r1,small,30,4,4,0.5,1,0,ALNS,7.0,100.55,0.0,5,538.1512,28.2256,True,7.012,42961,True
sm_n30_m4_f4_c2_t0.5_r1,small,30,4,4,0.5,1,0,LPT+EDD,7.0,119.05,1.9167,2,141.975,176.827,False,0.0,3,True
sm_n30_m4_f4_c2_t0.7_r0,small,30,4,4,0.7,0,0,CPM,7.0,158.4333,0.0,5,578.0879,2.702,True,0.69,1035,True
sm_n30_m4_f4_c2_t0.7_r0,small,30,4,4,0.7,0,0,CPM-blind,7.0,161.3333,0.0,5,570.4895,4.3552,True,0.471,641,True
sm_n30_m4_f4_c2_t0.7_r0,small,30,4,4,0.7,0,0,NSGA-II,7.0,161.3333,0.25,5,569.3456,34.507,False,7.004,63240,True
sm_n30_m4_f4_c2_t0.7_r0,small,30,4,4,0.7,0,0,ALNS,7.0,161.3333,0.25,5,569.3456,34.507,False,7.002,54945,True
sm_n30_m4_f4_c2_t0.7_r0,small,30,4,4,0.7,0,0,LPT+EDD,7.0,187.6,2.1667,3,127.424,188.758,False,0.0,3,True
sm_n30_m4_f4_c2_t0.7_r1,small,30,4,4,0.7,1,0,CPM,7.0,186.2501,0.0,7,349.4799,6.0338,True,0.814,861,True
sm_n30_m4_f4_c2_t0.7_r1,small,30,4,4,0.7,1,0,CPM-blind,7.0,189.4501,0.0,7,340.7347,7.043,True,0.853,869,True
sm_n30_m4_f4_c2_t0.7_r1,small,30,4,4,0.7,1,0,NSGA-II,7.0,188.8335,0.0,9,355.1881,3.3625,True,7.002,62212,True
sm_n30_m4_f4_c2_t0.7_r1,small,30,4,4,0.7,1,0,ALNS,7.0,188.8335,0.0,9,355.1881,3.3625,True,7.004,46057,True
sm_n30_m4_f4_c2_t0.7_r1,small,30,4,4,0.7,1,0,LPT+EDD,7.0,202.5501,2.9167,1,40.7454,227.842,False,0.0,3,True
sm_n30_m6_f4_c2_t0.3_r0,small,30,6,4,0.3,0,-2,CPM,7.0,23.55,0.0,3,44.4641,2.7229,True,1.775,2567,True
sm_n30_m6_f4_c2_t0.3_r0,small,30,6,4,0.3,0,-2,CPM-blind,7.0,28.55,0.0,3,35.4975,6.0065,True,1.208,1649,True
sm_n30_m6_f4_c2_t0.3_r0,small,30,6,4,0.3,0,-2,NSGA-II,7.0,27.9,0.0,6,36.8887,3.8,True,7.009,56576,True
sm_n30_m6_f4_c2_t0.3_r0,small,30,6,4,0.3,0,-2,ALNS,7.0,27.0,0.0,6,37.3387,3.8,True,7.011,48358,True
sm_n30_m6_f4_c2_t0.3_r0,small,30,6,4,0.3,0,-2,LPT+EDD,7.0,33.7,1.25,1,9.39,98.2135,False,0.0,3,True
sm_n30_m6_f4_c2_t0.3_r1,small,30,6,4,0.3,1,-2,CPM,7.0,31.3499,0.0,4,18.7392,8.4453,True,0.509,1182,True
sm_n30_m6_f4_c2_t0.3_r1,small,30,6,4,0.3,1,-2,CPM-blind,7.0,32.0166,0.0,4,18.3753,8.5904,True,0.51,1182,True
sm_n30_m6_f4_c2_t0.3_r1,small,30,6,4,0.3,1,-2,NSGA-II,7.0,28.9333,0.0,6,20.372,1.2334,True,7.001,58140,True
sm_n30_m6_f4_c2_t0.3_r1,small,30,6,4,0.3,1,-2,ALNS,7.0,28.9333,0.0,6,20.372,1.2334,True,7.0,48727,True
sm_n30_m6_f4_c2_t0.3_r1,small,30,6,4,0.3,1,-2,LPT+EDD,7.0,35.0333,0.8333,1,3.985,38.2681,False,0.0,3,True
sm_n30_m6_f4_c2_t0.5_r0,small,30,6,4,0.5,0,-2,CPM,7.0,46.8834,0.0,3,82.4639,0.0,True,0.908,2712,True
sm_n30_m6_f4_c2_t0.5_r0,small,30,6,4,0.5,0,-2,CPM-blind,7.0,64.1834,0.0,3,38.7135,21.2082,True,0.709,2538,True
sm_n30_m6_f4_c2_t0.5_r0,small,30,6,4,0.5,0,-2,NSGA-II,7.0,63.7667,0.0,7,39.9644,20.05,True,7.012,59280,True
sm_n30_m6_f4_c2_t0.5_r0,small,30,6,4,0.5,0,-2,ALNS,7.0,63.7667,0.0,7,39.9644,20.05,True,7.002,49333,True
sm_n30_m6_f4_c2_t0.5_r0,small,30,6,4,0.5,0,-2,LPT+EDD,7.0,73.8999,2.0833,1,2.5869,179.5685,False,0.0,3,True
sm_n30_m6_f4_c2_t0.5_r1,small,30,6,4,0.5,1,-2,CPM,7.0,83.0168,0.0,6,111.1031,3.8904,True,3.461,2988,True
sm_n30_m6_f4_c2_t0.5_r1,small,30,6,4,0.5,1,-2,CPM-blind,7.0,84.1335,0.0,6,106.8572,4.7156,True,3.447,2991,True
sm_n30_m6_f4_c2_t0.5_r1,small,30,6,4,0.5,1,-2,NSGA-II,7.0,79.1668,0.0,7,121.9483,0.4333,True,7.002,54642,True
sm_n30_m6_f4_c2_t0.5_r1,small,30,6,4,0.5,1,-2,ALNS,7.0,80.5668,0.0,7,118.7984,0.6667,True,7.0,36635,True
sm_n30_m6_f4_c2_t0.5_r1,small,30,6,4,0.5,1,-2,LPT+EDD,7.0,96.5834,3.1667,1,8.2528,258.6759,False,0.0,3,True
sm_n30_m6_f4_c2_t0.7_r0,small,30,6,4,0.7,0,-2,CPM,7.0,137.7,0.0,4,294.5526,3.5331,True,2.599,2466,True
sm_n30_m6_f4_c2_t0.7_r0,small,30,6,4,0.7,0,-2,CPM-blind,7.0,137.7,0.0,4,294.5526,3.5331,True,1.3,1136,True
sm_n30_m6_f4_c2_t0.7_r0,small,30,6,4,0.7,0,-2,NSGA-II,7.0,137.7,0.0,4,297.239,0.0,True,7.009,54420,True
sm_n30_m6_f4_c2_t0.7_r0,small,30,6,4,0.7,0,-2,ALNS,7.0,137.7,0.0,4,289.739,7.5,True,7.0,40983,True
sm_n30_m6_f4_c2_t0.7_r0,small,30,6,4,0.7,0,-2,LPT+EDD,7.0,153.3167,2.3334,2,54.1193,207.2171,False,0.0,3,True
sm_n30_m6_f4_c2_t0.7_r1,small,30,6,4,0.7,1,-2,CPM,7.0,143.7166,0.0,3,248.5205,2.2065,True,5.165,3823,True
sm_n30_m6_f4_c2_t0.7_r1,small,30,6,4,0.7,1,-2,CPM-blind,7.0,149.6499,0.0,4,221.6912,9.184,True,3.54,2643,True
sm_n30_m6_f4_c2_t0.7_r1,small,30,6,4,0.7,1,-2,NSGA-II,7.0,144.7333,0.0,5,241.596,6.5571,True,7.015,55260,True
sm_n30_m6_f4_c2_t0.7_r1,small,30,6,4,0.7,1,-2,ALNS,7.0,144.7333,0.0,5,241.7557,5.0875,True,7.0,42478,True
sm_n30_m6_f4_c2_t0.7_r1,small,30,6,4,0.7,1,-2,LPT+EDD,7.0,170.5501,3.75,1,16.3352,346.44,False,0.0,3,True
me_n60_m3_f5_c3_t0.3_r0,medium,60,3,5,0.3,0,2,CPM,136.0,89.1165,0.5833,5,1483.4581,6.1362,True,29.267,3122,True
me_n60_m3_f5_c3_t0.3_r0,medium,60,3,5,0.3,0,2,CPM-blind,136.0,116.417,0.5833,4,1234.2662,33.8168,True,12.872,1424,True
me_n60_m3_f5_c3_t0.3_r0,medium,60,3,5,0.3,0,2,NSGA-II,136.0,115.5001,0.5833,7,1261.4259,28.5649,True,136.003,952182,True
me_n60_m3_f5_c3_t0.3_r0,medium,60,3,5,0.3,0,2,ALNS,136.0,111.0,0.5833,11,1294.7379,14.2318,True,136.009,95145,True
me_n60_m3_f5_c3_t0.3_r0,medium,60,3,5,0.3,0,2,LPT+EDD,136.0,167.9167,5.25,2,171.5586,416.9057,False,0.0,3,True
me_n60_m3_f5_c3_t0.3_r1,medium,60,3,5,0.3,1,2,CPM,136.0,122.0335,0.5833,6,8635.864,5.4717,True,46.624,1476,True
me_n60_m3_f5_c3_t0.3_r1,medium,60,3,5,0.3,1,2,CPM-blind,136.0,155.2335,0.5833,6,8366.603,26.1943,True,30.105,931,True
me_n60_m3_f5_c3_t0.3_r1,medium,60,3,5,0.3,1,2,NSGA-II,136.0,168.7669,0.6667,3,8211.548,49.5758,False,136.016,336937,True
me_n60_m3_f5_c3_t0.3_r1,medium,60,3,5,0.3,1,2,ALNS,136.0,155.7001,0.5833,7,8326.353,24.9295,True,136.001,69563,True
me_n60_m3_f5_c3_t0.3_r1,medium,60,3,5,0.3,1,2,LPT+EDD,136.0,227.4823,4.0834,2,4356.2394,318.7294,False,0.0,3,True
me_n60_m3_f5_c3_t0.5_r0,medium,60,3,5,0.5,0,2,CPM,136.0,349.8502,0.5833,4,3555.7624,0.0,True,38.677,1951,True
me_n60_m3_f5_c3_t0.5_r0,medium,60,3,5,0.5,0,2,CPM-blind,136.0,422.3497,0.5833,4,2747.8433,63.6943,True,16.277,778,True
me_n60_m3_f5_c3_t0.5_r0,medium,60,3,5,0.5,0,2,NSGA-II,136.0,418.0498,0.5833,5,2794.3248,63.0327,True,136.002,611539,True
me_n60_m3_f5_c3_t0.5_r0,medium,60,3,5,0.5,0,2,ALNS,136.0,389.5323,0.5833,14,3087.125,44.6186,True,136.0,152746,True
me_n60_m3_f5_c3_t0.5_r0,medium,60,3,5,0.5,0,2,LPT+EDD,136.0,545.6332,4.75,2,507.2872,435.293,False,0.0,3,True
me_n60_m3_f5_c3_t0.5_r1,medium,60,3,5,0.5,1,2,CPM,136.0,261.4002,0.5833,6,3939.5332,23.5374,True,18.475,2828,True
me_n60_m3_f5_c3_t0.5_r1,medium,60,3,5,0.5,1,2,CPM-blind,136.0,320.0667,0.5833,4,3375.9439,35.6827,True,5.421,1110,True
me_n60_m3_f5_c3_t0.5_r1,medium,60,3,5,0.5,1,2,NSGA-II,136.0,326.8003,0.6667,2,3341.1583,48.9263,False,136.012,849014,True
me_n60_m3_f5_c3_t0.5_r1,medium,60,3,5,0.5,1,2,ALNS,136.0,318.3998,0.5833,7,3434.5582,23.973,True,136.0,167569,True
me_n60_m3_f5_c3_t0.5_r1,medium,60,3,5,0.5,1,2,LPT+EDD,136.0,478.7985,5.25,2,760.1753,481.4758,False,0.0,3,True
me_n60_m3_f5_c3_t0.7_r0,medium,60,3,5,0.7,0,2,CPM,136.0,705.4834,0.5833,4,13704.3807,63.1759,True,10.618,1647,True
me_n60_m3_f5_c3_t0.7_r0,medium,60,3,5,0.7,0,2,CPM-blind,136.0,780.9834,0.5833,4,12816.4707,82.1603,True,6.589,881,True
me_n60_m3_f5_c3_t0.7_r0,medium,60,3,5,0.7,0,2,NSGA-II,136.0,792.5666,0.5833,11,12755.9682,56.2957,True,136.009,351480,True
me_n60_m3_f5_c3_t0.7_r0,medium,60,3,5,0.7,0,2,ALNS,136.0,780.9834,0.5833,7,12882.1633,47.6058,True,136.004,43249,True
me_n60_m3_f5_c3_t0.7_r0,medium,60,3,5,0.7,0,2,LPT+EDD,136.0,1068.6948,4.4166,2,5353.3183,554.7709,False,0.002,3,True
me_n60_m3_f5_c3_t0.7_r1,medium,60,3,5,0.7,1,2,CPM,136.0,471.7994,0.5833,5,3610.3312,14.0667,True,62.159,2455,True
me_n60_m3_f5_c3_t0.7_r1,medium,60,3,5,0.7,1,2,CPM-blind,136.0,585.4498,0.5833,4,2769.8708,100.1627,True,21.098,912,True
me_n60_m3_f5_c3_t0.7_r1,medium,60,3,5,0.7,1,2,NSGA-II,136.0,587.3828,0.5833,5,2773.2718,80.3406,True,136.011,297373,True
me_n60_m3_f5_c3_t0.7_r1,medium,60,3,5,0.7,1,2,ALNS,136.0,582.4831,0.5833,8,2804.9692,76.4411,True,136.014,63649,True
me_n60_m3_f5_c3_t0.7_r1,medium,60,3,5,0.7,1,2,LPT+EDD,136.0,737.8161,5.25,2,453.7907,517.3576,False,0.0,3,True
me_n60_m5_f5_c3_t0.3_r0,medium,60,5,5,0.3,0,0,CPM,136.0,61.5333,0.0,6,1241.281,4.0115,True,70.867,3423,True
me_n60_m5_f5_c3_t0.3_r0,medium,60,5,5,0.3,0,0,CPM-blind,136.0,70.5333,0.0,5,1171.8074,11.1853,True,69.433,3462,True
me_n60_m5_f5_c3_t0.3_r0,medium,60,5,5,0.3,0,0,NSGA-II,136.0,73.3666,0.0,8,1157.2437,10.9699,True,136.007,307740,True
me_n60_m5_f5_c3_t0.3_r0,medium,60,5,5,0.3,0,0,ALNS,136.0,68.1833,0.0,11,1194.0769,6.7658,True,136.002,43150,True
me_n60_m5_f5_c3_t0.3_r0,medium,60,5,5,0.3,0,0,LPT+EDD,136.0,104.6495,6.4999,2,134.2386,596.9409,False,0.0,3,True
me_n60_m5_f5_c3_t0.3_r1,medium,60,5,5,0.3,1,0,CPM,136.0,44.7166,0.0,5,2008.135,8.857,True,83.578,5641,True
me_n60_m5_f5_c3_t0.3_r1,medium,60,5,5,0.3,1,0,CPM-blind,136.0,55.3665,0.0,6,1911.8245,12.1088,True,67.425,4171,True
me_n60_m5_f5_c3_t0.3_r1,medium,60,5,5,0.3,1,0,NSGA-II,136.0,54.8166,0.0,9,1943.5855,8.5873,True,136.005,484020,True
me_n60_m5_f5_c3_t0.3_r1,medium,60,5,5,0.3,1,0,ALNS,136.0,53.8833,0.25,11,1946.5904,16.9666,False,136.002,85034,True
me_n60_m5_f5_c3_t0.3_r1,medium,60,5,5,0.3,1,0,LPT+EDD,136.0,89.1994,6.25,2,387.8936,579.2737,False,0.0,3,True
me_n60_m5_f5_c3_t0.5_r0,medium,60,5,5,0.5,0,0,CPM,136.0,188.667,0.0,5,1973.528,0.0,True,113.56,6025,True
me_n60_m5_f5_c3_t0.5_r0,medium,60,5,5,0.5,0,0,CPM-blind,136.0,204.3503,0.0,5,1827.0934,24.0604,True,91.581,4223,True
me_n60_m5_f5_c3_t0.5_r0,medium,60,5,5,0.5,0,0,NSGA-II,136.0,207.1001,0.0,5,1805.9894,42.0996,True,136.001,290520,True
me_n60_m5_f5_c3_t0.5_r0,medium,60,5,5,0.5,0,0,ALNS,136.0,198.7332,0.0,9,1871.4116,22.5937,True,136.007,85665,True
me_n60_m5_f5_c3_t0.5_r0,medium,60,5,5,0.5,0,0,LPT+EDD,136.0,275.7664,7.2498,3,185.6409,654.3128,False,0.002,3,True
me_n60_m5_f5_c3_t0.5_r1,medium,60,5,5,0.5,1,0,CPM,136.0,194.9664,0.0,6,5855.35,7.6414,True,76.458,4025,True
me_n60_m5_f5_c3_t0.5_r1,medium,60,5,5,0.5,1,0,CPM-blind,136.0,198.583,0.0,8,5822.068,9.9551,True,67.943,2577,True
me_n60_m5_f5_c3_t0.5_r1,medium,60,5,5,0.5,1,0,NSGA-II,136.0,201.3995,0.25,11,5845.7784,49.0905,False,136.01,290640,True
me_n60_m5_f5_c3_t0.5_r1,medium,60,5,5,0.5,1,0,ALNS,136.0,198.5163,0.25,10,5799.623,66.9096,False,136.001,92441,True
me_n60_m5_f5_c3_t0.5_r1,medium,60,5,5,0.5,1,0,LPT+EDD,136.0,327.8481,4.8332,2,1865.8459,468.1299,False,0.0,3,True
me_n60_m5_f5_c3_t0.7_r0,medium,60,5,5,0.7,0,0,CPM,136.0,410.55,0.0,6,3654.1658,0.0,True,136.042,6808,True
me_n60_m5_f5_c3_t0.7_r0,medium,60,5,5,0.7,0,0,CPM-blind,136.0,434.8666,0.0,6,3403.3692,23.5234,True,80.462,2806,True
me_n60_m5_f5_c3_t0.7_r0,medium,60,5,5,0.7,0,0,NSGA-II,136.0,441.4,0.0,4,3342.4762,30.4972,True,136.005,287311,True
me_n60_m5_f5_c3_t0.7_r0,medium,60,5,5,0.7,0,0,ALNS,136.0,434.7,0.0,7,3405.9681,22.9417,True,136.001,74519,True
me_n60_m5_f5_c3_t0.7_r0,medium,60,5,5,0.7,0,0,LPT+EDD,136.0,621.0648,6.5832,2,409.7465,644.0848,False,0.001,3,True
me_n60_m5_f5_c3_t0.7_r1,medium,60,5,5,0.7,1,0,CPM,136.0,395.8165,0.0,8,3060.5312,2.835,True,136.031,10263,True
me_n60_m5_f5_c3_t0.7_r1,medium,60,5,5,0.7,1,0,CPM-blind,136.0,432.1833,0.0,7,2754.1746,33.2948,True,87.518,5106,True
me_n60_m5_f5_c3_t0.7_r1,medium,60,5,5,0.7,1,0,NSGA-II,136.0,429.5166,0.0,13,2777.7359,28.5388,True,136.005,304980,True
me_n60_m5_f5_c3_t0.7_r1,medium,60,5,5,0.7,1,0,ALNS,136.0,429.5166,0.0,13,2777.5414,28.8137,True,136.01,86179,True
me_n60_m5_f5_c3_t0.7_r1,medium,60,5,5,0.7,1,0,LPT+EDD,136.0,524.0331,7.2499,3,237.0601,693.1233,False,0.001,3,True
me_n60_m7_f5_c3_t0.3_r0,medium,60,7,5,0.3,0,-2,CPM,136.0,46.6834,0.0,7,2512.8246,21.5832,True,136.019,6271,True
me_n60_m7_f5_c3_t0.3_r0,medium,60,7,5,0.3,0,-2,CPM-blind,136.0,72.9001,0.0,6,2337.0475,30.887,True,109.077,4941,True
me_n60_m7_f5_c3_t0.3_r0,medium,60,7,5,0.3,0,-2,NSGA-II,136.0,73.3835,0.0,11,2415.6345,15.756,True,136.009,250810,True
me_n60_m7_f5_c3_t0.3_r0,medium,60,7,5,0.3,0,-2,ALNS,136.0,73.5,0.0,8,2415.8125,30.2622,True,136.001,88147,True
me_n60_m7_f5_c3_t0.3_r0,medium,60,7,5,0.3,0,-2,LPT+EDD,136.0,107.0839,4.8335,2,619.8208,399.8863,False,0.002,3,True
me_n60_m7_f5_c3_t0.3_r1,medium,60,7,5,0.3,1,-2,CPM,136.0,54.8501,0.0,4,455.4431,0.0,True,122.515,8153,True
me_n60_m7_f5_c3_t0.3_r1,medium,60,7,5,0.3,1,-2,CPM-blind,136.0,84.1334,0.0,4,265.7414,30.2654,True,107.86,5615,True
me_n60_m7_f5_c3_t0.3_r1,medium,60,7,5,0.3,1,-2,NSGA-II,136.0,83.3332,0.0,11,271.2721,30.8544,True,136.01,262648,True
me_n60_m7_f5_c3_t0.3_r1,medium,60,7,5,0.3,1,-2,ALNS,136.0,79.2666,0.0,9,296.4301,27.991,True,136.006,94296,True
me_n60_m7_f5_c3_t0.3_r1,medium,60,7,5,0.3,1,-2,LPT+EDD,136.0,109.5164,5.7499,1,12.6585,514.6383,False,0.0,3,True
me_n60_m7_f5_c3_t0.5_r0,medium,60,7,5,0.5,0,-2,CPM,136.0,163.9836,0.0,5,1326.2536,13.3201,True,136.017,10456,True
me_n60_m7_f5_c3_t0.5_r0,medium,60,7,5,0.5,0,-2,CPM-blind,136.0,196.6669,0.0,5,1085.3211,29.1685,True,103.655,5604,True
me_n60_m7_f5_c3_t0.5_r0,medium,60,7,5,0.5,0,-2,NSGA-II,136.0,201.3834,0.0,5,1072.0574,30.1654,True,136.01,247920,True
me_n60_m7_f5_c3_t0.5_r0,medium,60,7,5,0.5,0,-2,ALNS,136.0,191.65,0.0,14,1129.6975,24.6972,True,136.011,85780,True
me_n60_m7_f5_c3_t0.5_r0,medium,60,7,5,0.5,0,-2,LPT+EDD,136.0,239.1494,6.4166,1,86.478,598.4783,False,0.004,3,True
me_n60_m7_f5_c3_t0.5_r1,medium,60,7,5,0.5,1,-2,CPM,136.0,145.9165,0.0,6,745.3271,4.6984,True,122.515,7763,True
me_n60_m7_f5_c3_t0.5_r1,medium,60,7,5,0.5,1,-2,CPM-blind,136.0,172.4165,0.0,5,590.8427,22.9357,True,108.841,5436,True
me_n60_m7_f5_c3_t0.5_r1,medium,60,7,5,0.5,1,-2,NSGA-II,136.0,172.6665,0.0,5,594.4013,29.7472,True,136.003,377499,True
me_n60_m7_f5_c3_t0.5_r1,medium,60,7,5,0.5,1,-2,ALNS,136.0,172.0832,0.0,6,597.0504,23.298,True,136.0,212960,True
me_n60_m7_f5_c3_t0.5_r1,medium,60,7,5,0.5,1,-2,LPT+EDD,136.0,240.7993,5.2499,1,23.2376,469.912,False,0.002,3,True
me_n60_m7_f5_c3_t0.7_r0,medium,60,7,5,0.7,0,-2,CPM,136.0,403.5498,0.0,5,2509.5068,0.0,True,136.01,11505,True
me_n60_m7_f5_c3_t0.7_r0,medium,60,7,5,0.7,0,-2,CPM-blind,136.0,412.6331,0.0,5,2426.8525,9.9793,True,108.892,7184,True
me_n60_m7_f5_c3_t0.7_r0,medium,60,7,5,0.7,0,-2,NSGA-II,136.0,412.1331,0.0,6,2431.7585,9.6527,True,136.016,250136,True
me_n60_m7_f5_c3_t0.7_r0,medium,60,7,5,0.7,0,-2,ALNS,136.0,411.8831,0.0,7,2416.4667,23.3327,True,136.003,78596,True
me_n60_m7_f5_c3_t0.7_r0,medium,60,7,5,0.7,0,-2,LPT+EDD,136.0,566.3651,7.9996,1,111.7974,758.219,False,0.0,3,True
me_n60_m7_f5_c3_t0.7_r1,medium,60,7,5,0.7,1,-2,CPM,136.0,372.1668,0.0,7,2733.1742,10.2999,True,122.516,6072,True
me_n60_m7_f5_c3_t0.7_r1,medium,60,7,5,0.7,1,-2,CPM-blind,136.0,412.8835,0.0,7,2393.3166,40.6132,True,108.847,4158,True
me_n60_m7_f5_c3_t0.7_r1,medium,60,7,5,0.7,1,-2,NSGA-II,136.0,412.3001,0.0,12,2421.9879,34.893,True,136.012,261660,True
me_n60_m7_f5_c3_t0.7_r1,medium,60,7,5,0.7,1,-2,ALNS,136.0,412.8835,0.25,9,2401.7362,40.7023,False,136.009,99025,True
me_n60_m7_f5_c3_t0.7_r1,medium,60,7,5,0.7,1,-2,LPT+EDD,136.0,470.4,6.4165,2,315.0495,598.173,False,0.0,3,True
la_n100_m3_f6_c3_t0.3_r0,large,100,3,6,0.3,0,3,CPM,302.0,231.5834,1.0,4,23695.2212,6.6669,True,273.797,3162,True
la_n100_m3_f6_c3_t0.3_r0,large,100,3,6,0.3,0,3,CPM-blind,302.0,289.6831,1.0,3,22575.5434,43.5125,True,53.781,1286,True
la_n100_m3_f6_c3_t0.3_r0,large,100,3,6,0.3,0,3,NSGA-II,302.0,255.5838,1.1666,9,23064.713,31.4959,False,302.007,501720,True
la_n100_m3_f6_c3_t0.3_r0,large,100,3,6,0.3,0,3,ALNS,302.0,235.2669,1.0,11,23554.8325,28.2996,True,302.01,54238,True
la_n100_m3_f6_c3_t0.3_r0,large,100,3,6,0.3,0,3,LPT+EDD,302.0,427.2019,6.2501,2,12258.3921,530.6348,False,0.0,3,True
la_n100_m3_f6_c3_t0.3_r1,large,100,3,6,0.3,1,3,CPM,302.0,220.1995,1.0,6,6684.2014,18.8119,True,271.981,2713,True
la_n100_m3_f6_c3_t0.3_r1,large,100,3,6,0.3,1,3,CPM-blind,302.0,303.9492,1.0,7,5221.869,54.5335,True,241.958,1931,True
la_n100_m3_f6_c3_t0.3_r1,large,100,3,6,0.3,1,3,NSGA-II,302.0,280.7335,1.1667,10,5600.3418,39.126,False,302.012,517320,True
la_n100_m3_f6_c3_t0.3_r1,large,100,3,6,0.3,1,3,ALNS,302.0,270.7995,1.25,10,5714.4955,43.2148,False,302.005,42230,True
la_n100_m3_f6_c3_t0.3_r1,large,100,3,6,0.3,1,3,LPT+EDD,302.0,412.9334,7.2501,2,890.9908,593.5798,False,0.0,3,True
la_n100_m3_f6_c3_t0.5_r0,large,100,3,6,0.5,0,3,CPM,302.0,941.7327,1.0,3,17293.8145,0.0,True,282.922,6836,True
la_n100_m3_f6_c3_t0.5_r0,large,100,3,6,0.5,0,3,CPM-blind,302.0,1211.5335,1.0,6,12232.7539,238.1113,True,221.123,2469,True
la_n100_m3_f6_c3_t0.5_r0,large,100,3,6,0.5,0,3,NSGA-II,302.0,1139.4499,1.0,17,13480.2367,199.9616,True,302.0,666934,True
la_n100_m3_f6_c3_t0.5_r0,large,100,3,6,0.5,0,3,ALNS,302.0,1130.0658,1.0,16,13663.6757,196.0541,True,302.001,66891,True
la_n100_m3_f6_c3_t0.5_r0,large,100,3,6,0.5,0,3,LPT+EDD,302.0,1510.0704,7.0,3,3592.1022,822.0147,False,0.0,3,True
la_n100_m3_f6_c3_t0.5_r1,large,100,3,6,0.5,1,3,CPM,302.0,693.3164,1.0,9,19296.4001,30.3742,True,302.065,3699,True
la_n100_m3_f6_c3_t0.5_r1,large,100,3,6,0.5,1,3,CPM-blind,302.0,794.783,1.0,8,17687.0253,66.7351,True,228.063,1992,True
la_n100_m3_f6_c3_t0.5_r1,large,100,3,6,0.5,1,3,NSGA-II,302.0,814.3668,1.0833,7,17441.3178,79.7755,False,302.003,645060,True
la_n100_m3_f6_c3_t0.5_r1,large,100,3,6,0.5,1,3,ALNS,302.0,798.8667,1.0,11,17723.1858,57.5437,True,302.006,55579,True
la_n100_m3_f6_c3_t0.5_r1,large,100,3,6,0.5,1,3,LPT+EDD,302.0,1149.6662,7.2501,2,2684.2912,1037.0661,False,0.0,3,True
la_n100_m3_f6_c3_t0.7_r0,large,100,3,6,0.7,0,3,CPM,302.0,1603.6155,1.0,7,22221.0363,0.0,True,304.865,3724,True
la_n100_m3_f6_c3_t0.7_r0,large,100,3,6,0.7,0,3,CPM-blind,302.0,1764.3166,1.0,5,19937.0709,108.695,True,150.878,1616,True
la_n100_m3_f6_c3_t0.7_r0,large,100,3,6,0.7,0,3,NSGA-II,302.0,1847.7837,1.3333,6,18478.5287,169.8177,False,302.012,658876,True
la_n100_m3_f6_c3_t0.7_r0,large,100,3,6,0.7,0,3,ALNS,302.0,1744.5664,1.0,10,20254.5192,94.9242,True,302.016,61457,True
la_n100_m3_f6_c3_t0.7_r0,large,100,3,6,0.7,0,3,LPT+EDD,302.0,2576.3527,6.2501,2,3073.4603,1266.43,False,0.0,3,True
la_n100_m3_f6_c3_t0.7_r1,large,100,3,6,0.7,1,3,CPM,302.0,1543.348,1.0,9,24412.4754,25.7944,True,235.723,3240,True
la_n100_m3_f6_c3_t0.7_r1,large,100,3,6,0.7,1,3,CPM-blind,302.0,1714.1317,1.0,8,21699.4054,151.5302,True,107.866,1407,True
la_n100_m3_f6_c3_t0.7_r1,large,100,3,6,0.7,1,3,NSGA-II,302.0,1719.6153,1.0,9,21676.3402,143.7866,True,302.005,631920,True
la_n100_m3_f6_c3_t0.7_r1,large,100,3,6,0.7,1,3,ALNS,302.0,1707.8314,1.3333,10,21415.6982,150.3821,False,302.011,49467,True
la_n100_m3_f6_c3_t0.7_r1,large,100,3,6,0.7,1,3,LPT+EDD,302.0,2339.4784,5.8334,2,3870.8116,1267.0083,False,0.0,3,True
la_n100_m6_f6_c3_t0.3_r0,large,100,6,6,0.3,0,0,CPM,302.0,140.8168,0.0,6,10478.4936,19.525,True,302.076,16306,True
la_n100_m6_f6_c3_t0.3_r0,large,100,6,6,0.3,0,0,CPM-blind,302.0,176.05,0.0,6,9848.0889,57.1805,True,169.678,8374,True
la_n100_m6_f6_c3_t0.3_r0,large,100,6,6,0.3,0,0,NSGA-II,302.0,168.2002,0.0,7,9973.1094,54.6113,True,302.001,597360,True
la_n100_m6_f6_c3_t0.3_r0,large,100,6,6,0.3,0,0,ALNS,302.0,166.4002,0.0,9,10038.0871,30.992,True,302.0,125633,True
la_n100_m6_f6_c3_t0.3_r0,large,100,6,6,0.3,0,0,LPT+EDD,302.0,264.1334,11.5833,3,2276.9255,1114.4343,False,0.0,3,True
la_n100_m6_f6_c3_t0.3_r1,large,100,6,6,0.3,1,0,CPM,302.0,157.6163,0.0,4,15714.9426,6.8312,True,302.007,8147,True
la_n100_m6_f6_c3_t0.3_r1,large,100,6,6,0.3,1,0,CPM-blind,302.0,214.9999,0.0,8,14769.1797,68.8055,True,241.758,5279,True
la_n100_m6_f6_c3_t0.3_r1,large,100,6,6,0.3,1,0,NSGA-II,302.0,217.9164,0.25,6,14728.0323,151.6067,False,302.014,580476,True
la_n100_m6_f6_c3_t0.3_r1,large,100,6,6,0.3,1,0,ALNS,302.0,208.5662,0.25,13,14864.2693,151.7135,False,302.011,111042,True
la_n100_m6_f6_c3_t0.3_r1,large,100,6,6,0.3,1,0,LPT+EDD,302.0,311.6824,9.5002,3,4371.7294,956.7995,False,0.0,3,True
la_n100_m6_f6_c3_t0.5_r0,large,100,6,6,0.5,0,0,CPM,302.0,386.4333,0.0,6,18893.4899,44.87,True,172.701,9815,True
la_n100_m6_f6_c3_t0.5_r0,large,100,6,6,0.5,0,0,CPM-blind,302.0,482.2167,0.0,5,17245.3782,92.4286,True,118.735,5351,True
la_n100_m6_f6_c3_t0.5_r0,large,100,6,6,0.5,0,0,NSGA-II,302.0,485.1333,0.0,7,17259.6522,65.422,True,302.01,582966,True
la_n100_m6_f6_c3_t0.5_r0,large,100,6,6,0.5,0,0,ALNS,302.0,481.3494,0.5,8,17138.945,228.8147,False,302.014,140034,True
la_n100_m6_f6_c3_t0.5_r0,large,100,6,6,0.5,0,0,LPT+EDD,302.0,716.8308,9.9167,2,4660.6041,1008.1644,False,0.0,3,True
la_n100_m6_f6_c3_t0.5_r1,large,100,6,6,0.5,1,0,CPM,302.0,380.8169,0.0,8,9737.3862,8.1654,True,271.917,8522,True
la_n100_m6_f6_c3_t0.5_r1,large,100,6,6,0.5,1,0,CPM-blind,302.0,437.367,0.0,8,8988.4725,45.2415,True,241.859,5788,True
la_n100_m6_f6_c3_t0.5_r1,large,100,6,6,0.5,1,0,NSGA-II,302.0,442.6831,0.25,11,8975.8046,93.163,False,302.008,579271,True
la_n100_m6_f6_c3_t0.5_r1,large,100,6,6,0.5,1,0,ALNS,302.0,433.7664,0.25,12,9084.8042,90.4113,False,302.001,161587,True
la_n100_m6_f6_c3_t0.5_r1,large,100,6,6,0.5,1,0,LPT+EDD,302.0,589.7653,10.6665,3,1181.2414,1035.3788,False,0.0,3,True
la_n100_m6_f6_c3_t0.7_r0,large,100,6,6,0.7,0,0,CPM,302.0,1145.9501,0.0,8,19267.5352,17.977,True,302.069,15539,True
la_n100_m6_f6_c3_t0.7_r0,large,100,6,6,0.7,0,0,CPM-blind,302.0,1285.1668,0.0,7,16572.6973,96.2512,True,213.966,7451,True
la_n100_m6_f6_c3_t0.7_r0,large,100,6,6,0.7,0,0,NSGA-II,302.0,1246.967,0.25,17,17246.8827,74.3803,False,302.012,552300,True
la_n100_m6_f6_c3_t0.7_r0,large,100,6,6,0.7,0,0,ALNS,302.0,1246.4169,0.0,19,17285.1396,79.9268,True,302.009,77028,True
la_n100_m6_f6_c3_t0.7_r0,large,100,6,6,0.7,0,0,LPT+EDD,302.0,1627.8331,11.5835,2,3604.3948,1141.7954,False,0.0,3,True
la_n100_m6_f6_c3_t0.7_r1,large,100,6,6,0.7,1,0,CPM,302.0,895.5002,0.0,5,12772.5195,22.3293,True,302.049,11045,True
la_n100_m6_f6_c3_t0.7_r1,large,100,6,6,0.7,1,0,CPM-blind,302.0,973.1502,0.0,10,11610.5129,76.4331,True,241.951,5197,True
la_n100_m6_f6_c3_t0.7_r1,large,100,6,6,0.7,1,0,NSGA-II,302.0,975.4999,0.0,12,11611.4497,63.8925,True,302.011,588960,True
la_n100_m6_f6_c3_t0.7_r1,large,100,6,6,0.7,1,0,ALNS,302.0,975.2999,0.0,15,11621.2225,73.268,True,302.016,109667,True
la_n100_m6_f6_c3_t0.7_r1,large,100,6,6,0.7,1,0,LPT+EDD,302.0,1257.2328,10.5832,3,1407.2399,1159.2485,False,0.003,3,True
la_n100_m9_f6_c3_t0.3_r0,large,100,9,6,0.3,0,-3,CPM,302.0,113.9,0.0,5,4791.8202,0.0,True,302.023,31994,True
la_n100_m9_f6_c3_t0.3_r0,large,100,9,6,0.3,0,-3,CPM-blind,302.0,164.6,0.0,5,3946.349,46.1803,True,241.772,19068,True
la_n100_m9_f6_c3_t0.3_r0,large,100,9,6,0.3,0,-3,NSGA-II,302.0,175.2,0.0,3,3771.1165,56.0162,True,302.011,558480,True
la_n100_m9_f6_c3_t0.3_r0,large,100,9,6,0.3,0,-3,ALNS,302.0,157.9167,0.0,6,4051.4285,43.2578,True,302.002,251569,True
la_n100_m9_f6_c3_t0.3_r0,large,100,9,6,0.3,0,-3,LPT+EDD,302.0,245.317,14.0002,3,334.0007,1370.437,False,0.0,3,True
la_n100_m9_f6_c3_t0.3_r1,large,100,9,6,0.3,1,-3,CPM,302.0,129.5168,0.0,7,4587.8636,0.0,True,271.898,18847,True
la_n100_m9_f6_c3_t0.3_r1,large,100,9,6,0.3,1,-3,CPM-blind,302.0,158.5334,0.0,7,4094.8513,34.0886,True,241.834,14952,True
la_n100_m9_f6_c3_t0.3_r1,large,100,9,6,0.3,1,-3,NSGA-II,302.0,181.2335,0.0,8,3743.9538,49.8482,True,302.014,559740,True
la_n100_m9_f6_c3_t0.3_r1,large,100,9,6,0.3,1,-3,ALNS,302.0,159.7,0.0,14,4089.3065,32.3553,True,302.002,189908,True
la_n100_m9_f6_c3_t0.3_r1,large,100,9,6,0.3,1,-3,LPT+EDD,302.0,240.6664,14.5834,2,282.7195,1391.4289,False,0.0,3,True
la_n100_m9_f6_c3_t0.5_r0,large,100,9,6,0.5,0,-3,CPM,302.0,314.4499,0.0,8,4407.9687,0.0,True,302.005,21720,True
la_n100_m9_f6_c3_t0.5_r0,large,100,9,6,0.5,0,-3,CPM-blind,302.0,357.3166,0.0,8,3730.146,46.5535,True,241.806,15586,True
la_n100_m9_f6_c3_t0.5_r0,large,100,9,6,0.5,0,-3,NSGA-II,302.0,381.4833,0.0,4,3394.2982,74.4734,True,302.011,546289,True
la_n100_m9_f6_c3_t0.5_r0,large,100,9,6,0.5,0,-3,ALNS,302.0,355.9166,0.0,17,3758.073,44.1926,True,302.009,279770,True
la_n100_m9_f6_c3_t0.5_r0,large,100,9,6,0.5,0,-3,LPT+EDD,302.0,537.1493,13.9165,1,101.2244,1310.7757,False,0.0,3,True
la_n100_m9_f6_c3_t0.5_r1,large,100,9,6,0.5,1,-3,CPM,302.0,286.7164,0.0,5,2773.6953,0.0,True,302.056,31311,True
la_n100_m9_f6_c3_t0.5_r1,large,100,9,6,0.5,1,-3,CPM-blind,302.0,343.0332,0.0,8,1906.2231,61.1849,True,241.723,18753,True
la_n100_m9_f6_c3_t0.5_r1,large,100,9,6,0.5,1,-3,NSGA-II,302.0,359.6665,0.0,5,1690.4138,69.9653,True,302.001,841721,True
la_n100_m9_f6_c3_t0.5_r1,large,100,9,6,0.5,1,-3,ALNS,302.0,339.5665,0.0,9,1978.2623,53.2259,True,302.01,282143,True
la_n100_m9_f6_c3_t0.5_r1,large,100,9,6,0.5,1,-3,LPT+EDD,302.0,429.9167,13.5,1,63.7879,1289.9147,False,0.0,3,True
la_n100_m9_f6_c3_t0.7_r0,large,100,9,6,0.7,0,-3,CPM,302.0,681.6501,0.0,10,11883.6835,5.75,True,302.074,27927,True
la_n100_m9_f6_c3_t0.7_r0,large,100,9,6,0.7,0,-3,CPM-blind,302.0,763.8664,0.0,11,10517.0466,77.2256,True,272.033,16115,True
la_n100_m9_f6_c3_t0.7_r0,large,100,9,6,0.7,0,-3,NSGA-II,302.0,801.6999,0.0,6,9981.5559,103.7937,True,302.011,541381,True
la_n100_m9_f6_c3_t0.7_r0,large,100,9,6,0.7,0,-3,ALNS,302.0,763.6166,0.0,16,10542.7265,73.2516,True,302.004,149522,True
la_n100_m9_f6_c3_t0.7_r0,large,100,9,6,0.7,0,-3,LPT+EDD,302.0,1028.7168,14.4169,2,646.5969,1396.9016,False,0.002,3,True
la_n100_m9_f6_c3_t0.7_r1,large,100,9,6,0.7,1,-3,CPM,302.0,718.5331,0.0,7,5167.0649,3.9981,True,302.013,22704,True
la_n100_m9_f6_c3_t0.7_r1,large,100,9,6,0.7,1,-3,CPM-blind,302.0,811.4,0.0,7,4040.1089,77.4044,True,241.81,13157,True
la_n100_m9_f6_c3_t0.7_r1,large,100,9,6,0.7,1,-3,NSGA-II,302.0,812.8833,0.0,9,4039.4833,77.7114,True,302.007,574866,True
la_n100_m9_f6_c3_t0.7_r1,large,100,9,6,0.7,1,-3,ALNS,302.0,809.5001,0.0,12,4074.953,72.4856,True,302.011,158562,True
la_n100_m9_f6_c3_t0.7_r1,large,100,9,6,0.7,1,-3,LPT+EDD,302.0,955.8495,10.6668,2,251.5256,1019.7014,False,0.0,3,True
xl_n150_m4_f8_c3_t0.3_r0,xlarge,150,4,8,0.3,0,4,CPM,281.0,546.8007,1.5,9,47144.4748,0.0,True,281.02,4224,True
xl_n150_m4_f8_c3_t0.3_r0,xlarge,150,4,8,0.3,0,4,CPM-blind,281.0,735.8675,1.5,9,40527.4628,149.3761,True,253.383,2582,True
xl_n150_m4_f8_c3_t0.3_r0,xlarge,150,4,8,0.3,0,4,NSGA-II,281.0,783.1167,1.75,6,38678.9344,178.3905,False,281.003,494280,True
xl_n150_m4_f8_c3_t0.3_r0,xlarge,150,4,8,0.3,0,4,ALNS,281.0,691.534,1.5,12,41754.9645,156.0026,True,281.031,26190,True
xl_n150_m4_f8_c3_t0.3_r0,xlarge,150,4,8,0.3,0,4,LPT+EDD,281.0,1228.1185,12.0001,2,5953.5079,1440.8705,False,0.003,3,True
xl_n150_m4_f8_c3_t0.3_r1,xlarge,150,4,8,0.3,1,4,CPM,281.0,334.317,1.5,5,54516.1887,0.0,True,281.119,3319,True
xl_n150_m4_f8_c3_t0.3_r1,xlarge,150,4,8,0.3,1,4,CPM-blind,281.0,539.3504,1.5,8,48261.0599,165.7448,True,253.015,2069,True
xl_n150_m4_f8_c3_t0.3_r1,xlarge,150,4,8,0.3,1,4,NSGA-II,281.0,589.9333,2.8333,6,44859.3462,405.7653,False,281.005,432420,True
xl_n150_m4_f8_c3_t0.3_r1,xlarge,150,4,8,0.3,1,4,ALNS,281.0,506.7162,2.0833,10,48408.2123,341.1937,False,281.001,30552,True
xl_n150_m4_f8_c3_t0.3_r1,xlarge,150,4,8,0.3,1,4,LPT+EDD,281.0,824.7434,12.25,2,20074.9417,1244.7753,False,0.0,3,True
xl_n150_m4_f8_c3_t0.5_r0,xlarge,150,4,8,0.5,0,4,CPM,281.0,1456.483,1.5,5,48132.3641,0.0,True,281.085,4328,True
xl_n150_m4_f8_c3_t0.5_r0,xlarge,150,4,8,0.5,0,4,CPM-blind,281.0,1642.8494,1.5,6,41987.8631,122.6317,True,253.166,3346,True
xl_n150_m4_f8_c3_t0.5_r0,xlarge,150,4,8,0.5,0,4,NSGA-II,281.0,1862.25,2.1667,8,34200.5694,293.7085,False,281.004,468540,True
xl_n150_m4_f8_c3_t0.5_r0,xlarge,150,4,8,0.5,0,4,ALNS,281.0,1661.8836,1.75,13,41127.9274,143.8897,False,281.006,26637,True
xl_n150_m4_f8_c3_t0.5_r0,xlarge,150,4,8,0.5,0,4,LPT+EDD,281.0,2432.534,13.5001,2,6341.4961,1520.2394,False,0.0,3,True
xl_n150_m4_f8_c3_t0.5_r1,xlarge,150,4,8,0.5,1,4,CPM,281.0,1829.5169,1.5,7,77463.0242,0.0,True,281.064,6980,True
xl_n150_m4_f8_c3_t0.5_r1,xlarge,150,4,8,0.5,1,4,CPM-blind,281.0,2009.333,1.5,7,70758.8887,122.5878,True,224.98,3912,True
xl_n150_m4_f8_c3_t0.5_r1,xlarge,150,4,8,0.5,1,4,NSGA-II,281.0,2076.7337,2.5833,7,66228.5287,231.0514,False,281.014,480954,True
xl_n150_m4_f8_c3_t0.5_r1,xlarge,150,4,8,0.5,1,4,ALNS,281.0,1971.4658,1.5,15,71961.6944,139.4956,True,281.032,25519,True
xl_n150_m4_f8_c3_t0.5_r1,xlarge,150,4,8,0.5,1,4,LPT+EDD,281.0,2873.1761,15.1666,2,10934.806,2007.8495,False,0.0,3,True
xl_n150_m4_f8_c3_t0.7_r0,xlarge,150,4,8,0.7,0,4,CPM,281.0,3419.3156,1.5,8,118339.0245,0.0,True,281.014,8980,True
xl_n150_m4_f8_c3_t0.7_r0,xlarge,150,4,8,0.7,0,4,CPM-blind,281.0,3686.9498,1.5,7,107902.1082,189.0034,True,224.981,5025,True
xl_n150_m4_f8_c3_t0.7_r0,xlarge,150,4,8,0.7,0,4,NSGA-II,281.0,3778.7835,2.4166,6,102027.4486,274.7618,False,281.006,467199,True
xl_n150_m4_f8_c3_t0.7_r0,xlarge,150,4,8,0.7,0,4,ALNS,281.0,3740.734,2.0833,16,104168.4959,282.6533,False,281.031,25946,True
xl_n150_m4_f8_c3_t0.7_r0,xlarge,150,4,8,0.7,0,4,LPT+EDD,281.0,5273.6319,15.75,2,16805.2898,2682.1676,False,0.007,3,True
xl_n150_m4_f8_c3_t0.7_r1,xlarge,150,4,8,0.7,1,4,CPM,281.0,3234.9013,1.5,6,74804.9177,0.0,True,281.188,2220,True
xl_n150_m4_f8_c3_t0.7_r1,xlarge,150,4,8,0.7,1,4,CPM-blind,281.0,3508.0847,1.5,6,66438.6183,205.3867,True,253.49,1879,True
xl_n150_m4_f8_c3_t0.7_r1,xlarge,150,4,8,0.7,1,4,NSGA-II,281.0,3624.1497,1.5,6,63059.1276,285.0975,True,281.005,483507,True
xl_n150_m4_f8_c3_t0.7_r1,xlarge,150,4,8,0.7,1,4,ALNS,281.0,3478.0833,1.5,15,67283.1226,207.8631,True,281.023,24859,True
xl_n150_m4_f8_c3_t0.7_r1,xlarge,150,4,8,0.7,1,4,LPT+EDD,281.0,4835.3103,10.2502,2,12308.9159,1976.7665,False,0.0,3,True
xl_n150_m8_f8_c3_t0.3_r0,xlarge,150,8,8,0.3,0,0,CPM,281.0,264.55,0.0,6,49628.5484,16.9698,True,281.014,26850,True
xl_n150_m8_f8_c3_t0.3_r0,xlarge,150,8,8,0.3,0,0,CPM-blind,281.0,377.2333,0.0,6,45864.279,106.4647,True,224.889,13966,True
xl_n150_m8_f8_c3_t0.3_r0,xlarge,150,8,8,0.3,0,0,NSGA-II,281.0,421.9832,0.25,6,44408.9222,160.9974,False,281.005,416969,True
xl_n150_m8_f8_c3_t0.3_r0,xlarge,150,8,8,0.3,0,0,ALNS,281.0,372.3994,1.2499,9,44709.0748,205.0433,False,281.032,67393,True
xl_n150_m8_f8_c3_t0.3_r0,xlarge,150,8,8,0.3,0,0,LPT+EDD,281.0,628.6808,23.1665,3,7441.8047,2362.477,False,0.0,3,True
xl_n150_m8_f8_c3_t0.3_r1,xlarge,150,8,8,0.3,1,0,CPM,281.0,263.8664,0.0,8,36971.9499,9.8937,True,248.731,25424,True
xl_n150_m8_f8_c3_t0.3_r1,xlarge,150,8,8,0.3,1,0,CPM-blind,281.0,383.5663,0.0,8,32812.9407,80.8441,True,215.331,17815,True
xl_n150_m8_f8_c3_t0.3_r1,xlarge,150,8,8,0.3,1,0,NSGA-II,281.0,449.5001,0.3333,6,30532.4497,107.5839,False,281.014,411650,True
xl_n150_m8_f8_c3_t0.3_r1,xlarge,150,8,8,0.3,1,0,ALNS,281.0,374.0333,0.25,13,33139.6531,88.3254,False,281.006,112707,True
xl_n150_m8_f8_c3_t0.3_r1,xlarge,150,8,8,0.3,1,0,LPT+EDD,281.0,644.4974,28.0832,2,2728.8112,2817.2095,False,0.0,3,True
xl_n150_m8_f8_c3_t0.5_r0,xlarge,150,8,8,0.5,0,0,CPM,281.0,761.0498,0.0,8,58080.1964,34.948,True,281.018,21979,True
xl_n150_m8_f8_c3_t0.5_r0,xlarge,150,8,8,0.5,0,0,CPM-blind,281.0,896.6998,0.0,7,54414.0136,100.478,True,224.864,11662,True
xl_n150_m8_f8_c3_t0.5_r0,xlarge,150,8,8,0.5,0,0,NSGA-II,281.0,953.9994,0.5833,13,52675.2709,270.8646,False,281.006,424876,True
xl_n150_m8_f8_c3_t0.5_r0,xlarge,150,8,8,0.5,0,0,ALNS,281.0,898.2666,0.5833,19,54049.3018,258.0213,False,281.006,71538,True
xl_n150_m8_f8_c3_t0.5_r0,xlarge,150,8,8,0.5,0,0,LPT+EDD,281.0,1248.9993,20.9999,3,8845.6379,2106.4863,False,0.008,3,True
xl_n150_m8_f8_c3_t0.5_r1,xlarge,150,8,8,0.5,1,0,CPM,281.0,537.5665,0.0,8,28344.938,48.3524,True,281.013,26183,True
xl_n150_m8_f8_c3_t0.5_r1,xlarge,150,8,8,0.5,1,0,CPM-blind,281.0,715.3667,0.0,10,24214.2714,133.9437,True,224.983,11978,True
xl_n150_m8_f8_c3_t0.5_r1,xlarge,150,8,8,0.5,1,0,NSGA-II,281.0,743.6499,0.25,10,23798.661,126.7831,False,281.011,451648,True
xl_n150_m8_f8_c3_t0.5_r1,xlarge,150,8,8,0.5,1,0,ALNS,281.0,705.416,0.4167,19,24439.2473,123.8533,False,281.015,82045,True
xl_n150_m8_f8_c3_t0.5_r1,xlarge,150,8,8,0.5,1,0,LPT+EDD,281.0,995.2658,20.4998,1,1761.7241,1976.028,False,0.0,3,True
xl_n150_m8_f8_c3_t0.7_r0,xlarge,150,8,8,0.7,0,0,CPM,281.0,1749.1829,0.0,10,89208.4446,7.22,True,281.014,17048,True
xl_n150_m8_f8_c3_t0.7_r0,xlarge,150,8,8,0.7,0,0,CPM-blind,281.0,1999.4162,0.0,11,80535.235,193.4544,True,253.023,12649,True
xl_n150_m8_f8_c3_t0.7_r0,xlarge,150,8,8,0.7,0,0,NSGA-II,281.0,2048.8997,0.25,11,79111.1461,222.3089,False,281.004,419910,True
xl_n150_m8_f8_c3_t0.7_r0,xlarge,150,8,8,0.7,0,0,ALNS,281.0,2001.466,0.5833,16,80006.8721,263.5637,False,281.006,62004,True
xl_n150_m8_f8_c3_t0.7_r0,xlarge,150,8,8,0.7,0,0,LPT+EDD,281.0,2690.928,22.4165,3,12871.9169,2600.8136,False,0.0,3,True
xl_n150_m8_f8_c3_t0.7_r1,xlarge,150,8,8,0.7,1,0,CPM,281.0,1435.233,0.0,11,47997.4894,13.6818,True,281.039,18539,True
xl_n150_m8_f8_c3_t0.7_r1,xlarge,150,8,8,0.7,1,0,CPM-blind,281.0,1550.6158,0.0,16,44581.7008,114.1854,True,253.03,14191,True
xl_n150_m8_f8_c3_t0.7_r1,xlarge,150,8,8,0.7,1,0,NSGA-II,281.0,1606.3495,0.25,14,43069.1544,152.1702,False,281.006,439708,True
xl_n150_m8_f8_c3_t0.7_r1,xlarge,150,8,8,0.7,1,0,ALNS,281.0,1563.8155,0.25,24,44129.5698,139.9227,False,281.005,83276,True
xl_n150_m8_f8_c3_t0.7_r1,xlarge,150,8,8,0.7,1,0,LPT+EDD,281.0,2233.0289,22.9996,3,3406.3272,2464.7728,False,0.0,3,True
xl_n150_m12_f8_c3_t0.3_r0,xlarge,150,12,8,0.3,0,-4,CPM,281.0,183.0331,0.0,5,8783.8806,0.0,True,281.006,38883,True
xl_n150_m12_f8_c3_t0.3_r0,xlarge,150,12,8,0.3,0,-4,CPM-blind,281.0,270.1832,0.0,8,6518.7088,67.8612,True,252.938,30427,True
xl_n150_m12_f8_c3_t0.3_r0,xlarge,150,12,8,0.3,0,-4,NSGA-II,281.0,298.6831,0.25,4,5781.9367,88.9644,False,281.007,354313,True
xl_n150_m12_f8_c3_t0.3_r0,xlarge,150,12,8,0.3,0,-4,ALNS,281.0,271.1999,0.25,7,6483.2162,67.804,False,281.005,138398,True
xl_n150_m12_f8_c3_t0.3_r0,xlarge,150,12,8,0.3,0,-4,LPT+EDD,281.0,411.9483,23.4163,1,278.2767,2282.5928,False,0.0,3,True
xl_n150_m12_f8_c3_t0.3_r1,xlarge,150,12,8,0.3,1,-4,CPM,281.0,277.9332,0.0,5,32951.5213,58.9581,True,281.023,20556,True
xl_n150_m12_f8_c3_t0.3_r1,xlarge,150,12,8,0.3,1,-4,CPM-blind,281.0,316.2,0.0,6,31700.3375,62.398,True,224.872,13989,True
xl_n150_m12_f8_c3_t0.3_r1,xlarge,150,12,8,0.3,1,-4,NSGA-II,281.0,332.5499,0.0,11,31390.5704,23.6796,True,281.007,349767,True
xl_n150_m12_f8_c3_t0.3_r1,xlarge,150,12,8,0.3,1,-4,ALNS,281.0,302.0834,0.25,15,32237.5466,42.4789,False,281.013,71765,True
xl_n150_m12_f8_c3_t0.3_r1,xlarge,150,12,8,0.3,1,-4,LPT+EDD,281.0,512.0143,29.2494,1,2421.8447,2868.8126,False,0.0,3,True
xl_n150_m12_f8_c3_t0.5_r0,xlarge,150,12,8,0.5,0,-4,CPM,281.0,741.9835,0.0,5,24538.2647,27.4546,True,281.007,27104,True
xl_n150_m12_f8_c3_t0.5_r0,xlarge,150,12,8,0.5,0,-4,CPM-blind,281.0,868.9166,0.0,6,20829.5947,97.8356,True,252.947,22013,True
xl_n150_m12_f8_c3_t0.5_r0,xlarge,150,12,8,0.5,0,-4,NSGA-II,281.0,863.5165,0.0,11,20994.7276,98.6694,True,281.005,348360,True
xl_n150_m12_f8_c3_t0.5_r0,xlarge,150,12,8,0.5,0,-4,ALNS,281.0,814.6664,0.25,21,22178.4848,84.6202,False,281.014,63019,True
xl_n150_m12_f8_c3_t0.5_r0,xlarge,150,12,8,0.5,0,-4,LPT+EDD,281.0,1121.8493,26.3332,1,1292.3976,2582.4021,False,0.0,3,True
xl_n150_m12_f8_c3_t0.5_r1,xlarge,150,12,8,0.5,1,-4,CPM,281.0,600.0165,0.0,5,23985.7974,33.0707,True,281.005,29323,True
xl_n150_m12_f8_c3_t0.5_r1,xlarge,150,12,8,0.5,1,-4,CPM-blind,281.0,706.1329,0.0,6,21022.6148,75.443,True,224.897,17344,True
xl_n150_m12_f8_c3_t0.5_r1,xlarge,150,12,8,0.5,1,-4,NSGA-II,281.0,725.1165,0.0,7,20629.5273,54.8583,True,281.014,366835,True
xl_n150_m12_f8_c3_t0.5_r1,xlarge,150,12,8,0.5,1,-4,ALNS,281.0,701.9827,0.25,16,21159.7522,87.1848,False,281.024,85859,True
xl_n150_m12_f8_c3_t0.5_r1,xlarge,150,12,8,0.5,1,-4,LPT+EDD,281.0,1017.9785,24.5829,2,1296.5255,2469.3086,False,0.007,3,True
xl_n150_m12_f8_c3_t0.7_r0,xlarge,150,12,8,0.7,0,-4,CPM,281.0,1528.8498,0.0,6,47748.6381,0.0,True,281.023,29189,True
xl_n150_m12_f8_c3_t0.7_r0,xlarge,150,12,8,0.7,0,-4,CPM-blind,281.0,1576.15,0.0,7,45923.6016,86.1668,True,253.022,26334,True
xl_n150_m12_f8_c3_t0.7_r0,xlarge,150,12,8,0.7,0,-4,NSGA-II,281.0,1670.0168,0.0,5,42784.7467,124.3741,True,281.006,358124,True
xl_n150_m12_f8_c3_t0.7_r0,xlarge,150,12,8,0.7,0,-4,ALNS,281.0,1558.9333,0.0,12,46480.1456,84.7517,True,281.005,89521,True
xl_n150_m12_f8_c3_t0.7_r0,xlarge,150,12,8,0.7,0,-4,LPT+EDD,281.0,2169.4478,29.0,2,3054.2095,3013.8936,False,0.0,3,True
xl_n150_m12_f8_c3_t0.7_r1,xlarge,150,12,8,0.7,1,-4,CPM,281.0,1318.5333,0.0,5,29022.9066,40.0593,True,281.015,22685,True
xl_n150_m12_f8_c3_t0.7_r1,xlarge,150,12,8,0.7,1,-4,CPM-blind,281.0,1378.0996,0.0,9,27236.235,115.6557,True,252.947,19142,True
xl_n150_m12_f8_c3_t0.7_r1,xlarge,150,12,8,0.7,1,-4,NSGA-II,281.0,1392.7165,0.0,17,26939.2982,51.5968,True,281.014,359381,True
xl_n150_m12_f8_c3_t0.7_r1,xlarge,150,12,8,0.7,1,-4,ALNS,281.0,1376.6164,0.3333,16,27099.1139,130.1973,False,281.005,74307,True
xl_n150_m12_f8_c3_t0.7_r1,xlarge,150,12,8,0.7,1,-4,LPT+EDD,281.0,1850.9493,22.0833,2,2215.7574,2218.4032,False,0.0,3,True
