instance,scale,n,machines,families,customers,tau,replication,excess,method,z1_min,z2_min,z1_at_z2min,front_size,hypervolume,igd,c_dominated_by_best,z2_lower_bound,z2_optimal,z1_lower_bound,z1_gap_pct,cleaning_water_m3,seconds,evaluations,timed_out,feasible,seed
xl_n150_m4_f8_c3_t0.3_r0,xlarge,150,4,8,3,0.3,0,4,CPM,686.7514,1.5,952.5171,11,42041.4743,7.3455,0.0909,1.5,True,0.0,nan,19.2,600.684,2046,True,True,0
xl_n150_m4_f8_c3_t0.3_r0,xlarge,150,4,8,3,0.3,0,4,CPM-blind,686.7514,1.5,952.5171,11,42041.4743,7.3455,0.0909,1.5,True,0.0,nan,19.2,601.776,1957,True,True,0
xl_n150_m4_f8_c3_t0.3_r0,xlarge,150,4,8,3,0.3,0,4,ALNS,692.234,2.0,1318.2667,14,41165.6689,48.9244,0.8571,1.5,False,0.0,nan,25.6,111.271,10000,False,True,0
xl_n150_m4_f8_c3_t0.3_r0,xlarge,150,4,8,3,0.3,0,4,NSGA-II,947.7004,2.1667,1079.4333,8,32435.7106,227.0182,1.0,1.5,False,0.0,nan,27.734,7.758,10000,False,True,0
xl_n150_m4_f8_c3_t0.3_r0,xlarge,150,4,8,3,0.3,0,4,LPT+EDD,1228.1185,12.0001,1723.4011,2,5953.5079,1285.1997,1.0,1.5,False,0.0,nan,153.601,0.0,3,False,True,0
xl_n150_m4_f8_c3_t0.3_r1,xlarge,150,4,8,3,0.3,1,4,CPM,539.3504,1.5,1934.2326,8,48261.0599,17.0862,0.25,1.5,True,0.0,nan,19.2,600.561,1679,True,True,1
xl_n150_m4_f8_c3_t0.3_r1,xlarge,150,4,8,3,0.3,1,4,CPM-blind,539.3504,1.5,1934.2326,8,48261.0599,17.0862,0.25,1.5,True,0.0,nan,19.2,601.479,1643,True,True,1
xl_n150_m4_f8_c3_t0.3_r1,xlarge,150,4,8,3,0.3,1,4,ALNS,510.583,2.0833,722.5326,12,48274.078,119.1175,0.5,1.5,False,0.0,nan,26.666,142.58,10000,False,True,1
xl_n150_m4_f8_c3_t0.3_r1,xlarge,150,4,8,3,0.3,1,4,NSGA-II,641.2157,3.0833,845.1501,5,42905.0835,228.0419,1.0,1.5,False,0.0,nan,39.466,7.707,10000,False,True,1
xl_n150_m4_f8_c3_t0.3_r1,xlarge,150,4,8,3,0.3,1,4,LPT+EDD,824.7434,12.25,1163.6492,2,20074.9417,1125.4585,1.0,1.5,False,0.0,nan,156.8,0.0,3,False,True,1
xl_n150_m4_f8_c3_t0.3_r2,xlarge,150,4,8,3,0.3,2,4,CPM,392.4667,1.5,581.7996,6,35651.7316,0.0,0.0,1.5,True,0.0,nan,19.2,600.046,2701,True,True,2
xl_n150_m4_f8_c3_t0.3_r2,xlarge,150,4,8,3,0.3,2,4,CPM-blind,448.2833,1.5,654.0163,5,33849.5186,43.7394,1.0,1.5,True,0.0,nan,19.2,600.033,2686,True,True,2
xl_n150_m4_f8_c3_t0.3_r2,xlarge,150,4,8,3,0.3,2,4,ALNS,494.199,1.5,800.917,19,32244.283,100.8627,1.0,1.5,True,0.0,nan,19.2,148.399,10000,False,True,2
xl_n150_m4_f8_c3_t0.3_r2,xlarge,150,4,8,3,0.3,2,4,NSGA-II,626.6332,3.3333,648.8332,2,26647.8732,208.5807,1.0,1.5,False,0.0,nan,42.666,8.107,10000,False,True,2
xl_n150_m4_f8_c3_t0.3_r2,xlarge,150,4,8,3,0.3,2,4,LPT+EDD,722.883,13.75,1358.4496,3,6411.0511,1396.0412,1.0,1.5,False,0.0,nan,176.0,0.016,3,False,True,2
xl_n150_m4_f8_c3_t0.3_r3,xlarge,150,4,8,3,0.3,3,4,CPM,624.7832,1.5,776.4501,8,59090.3487,9.4645,0.0,1.5,True,0.0,nan,19.2,601.155,2129,True,True,3
xl_n150_m4_f8_c3_t0.3_r3,xlarge,150,4,8,3,0.3,3,4,CPM-blind,624.7832,1.5,776.4501,8,59090.3487,9.4645,0.0,1.5,True,0.0,nan,19.2,601.547,2129,True,True,3
xl_n150_m4_f8_c3_t0.3_r3,xlarge,150,4,8,3,0.3,3,4,ALNS,650.1666,2.25,815.7333,13,56990.6035,48.9927,0.8462,1.5,False,0.0,nan,28.8,118.084,10000,False,True,3
xl_n150_m4_f8_c3_t0.3_r3,xlarge,150,4,8,3,0.3,3,4,NSGA-II,801.8498,1.8333,1052.2163,10,52273.6279,181.4869,1.0,1.5,False,0.0,nan,23.466,7.925,10000,False,True,3
xl_n150_m4_f8_c3_t0.3_r3,xlarge,150,4,8,3,0.3,3,4,LPT+EDD,1068.4805,12.9167,2111.333,3,13527.4969,1568.8656,1.0,1.5,False,0.0,nan,165.334,0.0,3,False,True,3
xl_n150_m4_f8_c3_t0.3_r4,xlarge,150,4,8,3,0.3,4,4,CPM,479.7998,1.5,503.4831,4,50315.3755,0.0,0.0,1.5,True,0.0,nan,19.2,600.125,5974,True,True,4
xl_n150_m4_f8_c3_t0.3_r4,xlarge,150,4,8,3,0.3,4,4,CPM-blind,668.0997,1.5,700.4664,4,43686.6182,196.134,1.0,1.5,True,0.0,nan,19.2,600.77,4612,True,True,4
xl_n150_m4_f8_c3_t0.3_r4,xlarge,150,4,8,3,0.3,4,4,ALNS,662.3508,2.1667,1723.9513,14,42618.9759,254.3302,1.0,1.5,False,0.0,nan,27.734,144.762,10000,False,True,4
xl_n150_m4_f8_c3_t0.3_r4,xlarge,150,4,8,3,0.3,4,4,NSGA-II,857.2003,3.1666,1075.166,8,35081.8143,478.0906,1.0,1.5,False,0.0,nan,40.532,7.916,10000,False,True,4
xl_n150_m4_f8_c3_t0.3_r4,xlarge,150,4,8,3,0.3,4,4,LPT+EDD,1062.6376,14.2501,1739.3505,2,6219.0544,1752.0951,1.0,1.5,False,0.0,nan,182.401,0.0,3,False,True,4
xl_n150_m4_f8_c3_t0.3_r5,xlarge,150,4,8,3,0.3,5,4,CPM,399.2496,1.5,1824.1674,7,71045.5716,0.0,0.0,1.5,True,0.0,nan,19.2,313.511,7593,False,True,5
xl_n150_m4_f8_c3_t0.3_r5,xlarge,150,4,8,3,0.3,5,4,CPM-blind,571.5989,1.5,1874.0007,5,63694.987,121.4437,1.0,1.5,True,0.0,nan,19.2,232.989,5186,False,True,5
xl_n150_m4_f8_c3_t0.3_r5,xlarge,150,4,8,3,0.3,5,4,ALNS,601.6001,2.0,897.1994,7,61860.0577,277.2624,1.0,1.5,False,0.0,nan,25.6,168.423,10000,False,True,5
xl_n150_m4_f8_c3_t0.3_r5,xlarge,150,4,8,3,0.3,5,4,NSGA-II,727.1825,4.0833,815.7995,6,53834.7388,477.0035,1.0,1.5,False,0.0,nan,52.266,8.105,10000,False,True,5
xl_n150_m4_f8_c3_t0.3_r5,xlarge,150,4,8,3,0.3,5,4,LPT+EDD,1126.3867,13.75,1454.666,2,20024.6611,1467.15,1.0,1.5,False,0.0,nan,176.0,0.0,3,False,True,5
xl_n150_m4_f8_c3_t0.3_r6,xlarge,150,4,8,3,0.3,6,4,CPM,477.1491,1.5,786.8,8,38424.3228,0.0,0.0,1.5,True,0.0,nan,19.2,600.046,8740,True,True,6
xl_n150_m4_f8_c3_t0.3_r6,xlarge,150,4,8,3,0.3,6,4,CPM-blind,653.0987,1.5,930.4,7,32221.3107,132.9026,1.0,1.5,True,0.0,nan,19.2,476.889,5198,False,True,6
xl_n150_m4_f8_c3_t0.3_r6,xlarge,150,4,8,3,0.3,6,4,ALNS,633.7164,1.5,907.9167,10,32895.6223,119.7746,1.0,1.5,True,0.0,nan,19.2,142.812,10000,False,True,6
xl_n150_m4_f8_c3_t0.3_r6,xlarge,150,4,8,3,0.3,6,4,NSGA-II,775.3164,2.6666,806.1994,4,27162.3716,242.2506,1.0,1.5,False,0.0,nan,34.132,7.815,10000,False,True,6
xl_n150_m4_f8_c3_t0.3_r6,xlarge,150,4,8,3,0.3,6,4,LPT+EDD,1145.4833,16.0,1430.3661,2,3953.6992,1611.6181,1.0,1.5,False,0.0,nan,204.8,0.0,3,False,True,6
xl_n150_m4_f8_c3_t0.3_r7,xlarge,150,4,8,3,0.3,7,4,CPM,550.2494,1.5,704.7163,7,30985.5207,128.3127,0.0,1.5,True,0.0,nan,19.2,600.497,1740,True,True,7
xl_n150_m4_f8_c3_t0.3_r7,xlarge,150,4,8,3,0.3,7,4,CPM-blind,550.2494,1.5,704.7163,7,30985.5207,128.3127,0.0,1.5,True,0.0,nan,19.2,600.795,1740,True,True,7
xl_n150_m4_f8_c3_t0.3_r7,xlarge,150,4,8,3,0.3,7,4,ALNS,531.916,2.3333,712.966,14,30680.9504,34.4971,0.7143,1.5,False,0.0,nan,29.866,129.351,10000,False,True,7
xl_n150_m4_f8_c3_t0.3_r7,xlarge,150,4,8,3,0.3,7,4,NSGA-II,597.433,1.75,761.8999,6,29307.6259,202.8967,0.8333,1.5,False,0.0,nan,22.4,7.688,10000,False,True,7
xl_n150_m4_f8_c3_t0.3_r7,xlarge,150,4,8,3,0.3,7,4,LPT+EDD,914.1803,12.0001,1366.6012,2,4503.7484,1088.9937,1.0,1.5,False,0.0,nan,153.601,0.0,3,False,True,7
xl_n150_m4_f8_c3_t0.3_r8,xlarge,150,4,8,3,0.3,8,4,CPM,466.8671,1.5,681.6506,7,51072.2004,0.0,0.0,1.5,True,0.0,nan,19.2,601.731,2761,True,True,8
xl_n150_m4_f8_c3_t0.3_r8,xlarge,150,4,8,3,0.3,8,4,CPM-blind,466.8671,1.5,681.6506,7,51072.2004,0.0,0.0,1.5,True,0.0,nan,19.2,601.724,2761,True,True,8
xl_n150_m4_f8_c3_t0.3_r8,xlarge,150,4,8,3,0.3,8,4,ALNS,500.2832,2.4166,675.3164,11,48637.2674,63.9114,1.0,1.5,False,0.0,nan,30.932,159.7,10000,False,True,8
xl_n150_m4_f8_c3_t0.3_r8,xlarge,150,4,8,3,0.3,8,4,NSGA-II,621.466,3.0833,901.6494,7,43947.0189,187.2733,1.0,1.5,False,0.0,nan,39.466,7.865,10000,False,True,8
xl_n150_m4_f8_c3_t0.3_r8,xlarge,150,4,8,3,0.3,8,4,LPT+EDD,791.4654,12.9167,1922.0331,2,7268.5383,1701.8558,1.0,1.5,False,0.0,nan,165.334,0.0,3,False,True,8
xl_n150_m4_f8_c3_t0.3_r9,xlarge,150,4,8,3,0.3,9,4,CPM,605.5999,1.5,950.8,7,36892.0084,18.902,0.0,1.5,True,0.0,nan,19.2,600.493,3495,True,True,9
xl_n150_m4_f8_c3_t0.3_r9,xlarge,150,4,8,3,0.3,9,4,CPM-blind,605.5999,1.5,950.8,7,36892.0084,18.902,0.0,1.5,True,0.0,nan,19.2,600.293,3492,True,True,9
xl_n150_m4_f8_c3_t0.3_r9,xlarge,150,4,8,3,0.3,9,4,ALNS,612.3,1.75,950.1833,11,36482.298,6.7195,0.0909,1.5,False,0.0,nan,22.4,148.074,10000,False,True,9
xl_n150_m4_f8_c3_t0.3_r9,xlarge,150,4,8,3,0.3,9,4,NSGA-II,882.0997,6.1666,901.933,4,23383.2027,370.7131,1.0,1.5,False,0.0,nan,78.932,8.042,10000,False,True,9
xl_n150_m4_f8_c3_t0.3_r9,xlarge,150,4,8,3,0.3,9,4,LPT+EDD,1148.8579,16.0,1421.7991,2,4526.3178,1451.7698,1.0,1.5,False,0.0,nan,204.8,0.0,3,False,True,9
xl_n150_m4_f8_c3_t0.5_r0,xlarge,150,4,8,3,0.5,0,4,CPM,1642.0828,1.5,2024.6997,7,45043.5448,4.6321,0.0,1.5,True,0.0,nan,19.2,600.749,2717,True,True,0
xl_n150_m4_f8_c3_t0.5_r0,xlarge,150,4,8,3,0.5,0,4,CPM-blind,1642.0828,1.5,2024.6997,7,45043.5448,4.6321,0.0,1.5,True,0.0,nan,19.2,600.629,2716,True,True,0
xl_n150_m4_f8_c3_t0.5_r0,xlarge,150,4,8,3,0.5,0,4,ALNS,1675.9504,1.8333,2739.8667,9,43416.9415,49.0763,0.8889,1.5,False,0.0,nan,23.466,144.311,10000,False,True,0
xl_n150_m4_f8_c3_t0.5_r0,xlarge,150,4,8,3,0.5,0,4,NSGA-II,1924.7336,3.75,2131.7006,6,33485.6539,273.3257,1.0,1.5,False,0.0,nan,48.0,7.99,10000,False,True,0
xl_n150_m4_f8_c3_t0.5_r0,xlarge,150,4,8,3,0.5,0,4,LPT+EDD,2432.534,13.5001,2656.4847,2,8273.7325,1393.6759,1.0,1.5,False,0.0,nan,172.801,0.0,3,False,True,0
xl_n150_m4_f8_c3_t0.5_r1,xlarge,150,4,8,3,0.5,1,4,CPM,2009.333,1.5,2420.5332,7,70758.7915,37.8749,0.1429,1.5,True,0.0,nan,19.2,600.493,3812,True,True,1
xl_n150_m4_f8_c3_t0.5_r1,xlarge,150,4,8,3,0.5,1,4,CPM-blind,2009.333,1.5,2420.5332,7,70758.7915,37.8749,0.1429,1.5,True,0.0,nan,19.2,600.001,4235,True,True,1
xl_n150_m4_f8_c3_t0.5_r1,xlarge,150,4,8,3,0.5,1,4,ALNS,1983.4827,2.25,2509.3829,10,70298.9487,39.9235,0.5,1.5,False,0.0,nan,28.8,163.566,10000,False,True,1
xl_n150_m4_f8_c3_t0.5_r1,xlarge,150,4,8,3,0.5,1,4,NSGA-II,2297.833,3.75,3226.1669,6,55884.3323,319.0723,1.0,1.5,False,0.0,nan,48.0,7.743,10000,False,True,1
xl_n150_m4_f8_c3_t0.5_r1,xlarge,150,4,8,3,0.5,1,4,LPT+EDD,2873.1761,15.1666,3556.898,2,10934.806,1871.2257,1.0,1.5,False,0.0,nan,194.132,0.0,3,False,True,1
xl_n150_m4_f8_c3_t0.5_r2,xlarge,150,4,8,3,0.5,2,4,CPM,1767.7985,1.5,1843.633,9,55739.1263,0.0,0.0,1.5,True,0.0,nan,19.2,602.325,3602,True,True,2
xl_n150_m4_f8_c3_t0.5_r2,xlarge,150,4,8,3,0.5,2,4,CPM-blind,1767.7985,1.5,1843.633,9,55739.1263,0.0,0.0,1.5,True,0.0,nan,19.2,601.473,3602,True,True,2
xl_n150_m4_f8_c3_t0.5_r2,xlarge,150,4,8,3,0.5,2,4,ALNS,1798.4833,1.9167,2242.2844,12,53763.6024,68.1234,1.0,1.5,False,0.0,nan,24.534,152.663,10000,False,True,2
xl_n150_m4_f8_c3_t0.5_r2,xlarge,150,4,8,3,0.5,2,4,NSGA-II,2029.3814,3.6666,2137.0997,5,43613.4488,297.6793,1.0,1.5,False,0.0,nan,46.932,7.768,10000,False,True,2
xl_n150_m4_f8_c3_t0.5_r2,xlarge,150,4,8,3,0.5,2,4,LPT+EDD,2785.6745,15.75,3034.5319,2,7342.7918,1756.8957,1.0,1.5,False,0.0,nan,201.6,0.0,3,False,True,2
xl_n150_m4_f8_c3_t0.5_r3,xlarge,150,4,8,3,0.5,3,4,CPM,1570.6998,1.5,3889.5336,9,74091.0911,0.0,0.0,1.5,True,3.8,41234.21,19.2,602.93,2776,True,True,3
xl_n150_m4_f8_c3_t0.5_r3,xlarge,150,4,8,3,0.5,3,4,CPM-blind,1570.6998,1.5,3889.5336,9,74091.0911,0.0,0.0,1.5,True,3.8,41234.21,19.2,603.658,2776,True,True,3
xl_n150_m4_f8_c3_t0.5_r3,xlarge,150,4,8,3,0.5,3,4,ALNS,1634.5347,2.1667,1939.7835,16,71180.9349,301.7583,1.0,1.5,False,3.8,42914.07,27.734,162.129,10000,False,True,3
xl_n150_m4_f8_c3_t0.5_r3,xlarge,150,4,8,3,0.5,3,4,NSGA-II,1787.2995,3.5,1895.6664,8,64083.6794,400.3169,1.0,1.5,False,3.8,46934.2,44.8,7.988,10000,False,True,3
xl_n150_m4_f8_c3_t0.5_r3,xlarge,150,4,8,3,0.5,3,4,LPT+EDD,2382.4009,13.5001,2487.3671,2,28514.3656,1377.2634,1.0,1.5,False,3.8,62594.76,172.801,0.003,3,False,True,3
xl_n150_m4_f8_c3_t0.5_r4,xlarge,150,4,8,3,0.5,4,4,CPM,1471.5844,1.5,2541.9001,8,42494.4545,0.0,0.0,1.5,True,0.0,nan,19.2,603.589,2589,True,True,4
xl_n150_m4_f8_c3_t0.5_r4,xlarge,150,4,8,3,0.5,4,4,CPM-blind,1471.5844,1.5,2541.9001,8,42494.4545,0.0,0.0,1.5,True,0.0,nan,19.2,600.357,2588,True,True,4
xl_n150_m4_f8_c3_t0.5_r4,xlarge,150,4,8,3,0.5,4,4,ALNS,1530.0173,1.75,1844.1996,15,40526.9167,129.2702,1.0,1.5,False,0.0,nan,22.4,121.033,10000,False,True,4
xl_n150_m4_f8_c3_t0.5_r4,xlarge,150,4,8,3,0.5,4,4,NSGA-II,1678.2333,2.1667,1748.5333,2,35786.3151,242.4575,1.0,1.5,False,0.0,nan,27.734,7.674,10000,False,True,4
xl_n150_m4_f8_c3_t0.5_r4,xlarge,150,4,8,3,0.5,4,4,LPT+EDD,2141.4837,12.7501,2633.3507,2,6422.3993,1412.8678,1.0,1.5,False,0.0,nan,163.201,0.0,3,False,True,4
xl_n150_m4_f8_c3_t0.5_r5,xlarge,150,4,8,3,0.5,5,4,CPM,1502.6993,1.5,2102.3995,10,40918.1686,0.0,0.0,1.5,True,0.0,nan,19.2,601.901,3045,True,True,5
xl_n150_m4_f8_c3_t0.5_r5,xlarge,150,4,8,3,0.5,5,4,CPM-blind,1502.6993,1.5,2102.3995,10,40918.1686,0.0,0.0,1.5,True,0.0,nan,19.2,601.532,3045,True,True,5
xl_n150_m4_f8_c3_t0.5_r5,xlarge,150,4,8,3,0.5,5,4,ALNS,1569.5668,1.9166,2253.9821,10,38528.7826,77.0962,1.0,1.5,False,0.0,nan,24.532,113.514,10000,False,True,5
xl_n150_m4_f8_c3_t0.5_r5,xlarge,150,4,8,3,0.5,5,4,NSGA-II,1741.0318,3.1666,1818.1482,3,32232.2236,231.9764,1.0,1.5,False,0.0,nan,40.532,7.637,10000,False,True,5
xl_n150_m4_f8_c3_t0.5_r5,xlarge,150,4,8,3,0.5,5,4,LPT+EDD,2327.9569,12.9168,2615.8349,2,5742.338,1395.1162,1.0,1.5,False,0.0,nan,165.335,0.002,3,False,True,5
xl_n150_m4_f8_c3_t0.5_r6,xlarge,150,4,8,3,0.5,6,4,CPM,1642.082,1.5,2699.8674,7,63396.5202,25.2507,0.0,1.5,True,0.0,nan,19.2,602.052,2700,True,True,6
xl_n150_m4_f8_c3_t0.5_r6,xlarge,150,4,8,3,0.5,6,4,CPM-blind,1642.082,1.5,2699.8674,7,63396.5202,25.2507,0.0,1.5,True,0.0,nan,19.2,601.222,2700,True,True,6
xl_n150_m4_f8_c3_t0.5_r6,xlarge,150,4,8,3,0.5,6,4,ALNS,1696.1983,2.1667,1968.6003,15,60652.9324,195.4324,0.9333,1.5,False,0.0,nan,27.734,164.238,10000,False,True,6
xl_n150_m4_f8_c3_t0.5_r6,xlarge,150,4,8,3,0.5,6,4,NSGA-II,1921.8324,3.1666,1939.9989,3,52008.8535,322.9209,1.0,1.5,False,0.0,nan,40.532,7.968,10000,False,True,6
xl_n150_m4_f8_c3_t0.5_r6,xlarge,150,4,8,3,0.5,6,4,LPT+EDD,2726.8319,11.5,3265.7168,2,9194.7717,1641.9958,1.0,1.5,False,0.0,nan,147.2,0.004,3,False,True,6
xl_n150_m4_f8_c3_t0.5_r7,xlarge,150,4,8,3,0.5,7,4,CPM,1691.6491,1.5,1874.4334,7,110843.9928,0.0,0.0,1.5,True,0.0,nan,19.2,601.734,2668,True,True,7
xl_n150_m4_f8_c3_t0.5_r7,xlarge,150,4,8,3,0.5,7,4,CPM-blind,1691.6491,1.5,1874.4334,7,110843.9928,0.0,0.0,1.5,True,0.0,nan,19.2,601.107,2669,True,True,7
xl_n150_m4_f8_c3_t0.5_r7,xlarge,150,4,8,3,0.5,7,4,ALNS,1744.264,2.0833,4705.7152,13,105422.5615,109.9602,1.0,1.5,False,0.0,nan,26.666,156.387,10000,False,True,7
xl_n150_m4_f8_c3_t0.5_r7,xlarge,150,4,8,3,0.5,7,4,NSGA-II,1964.8984,2.4167,2268.5331,11,99179.3559,272.4664,1.0,1.5,False,0.0,nan,30.934,7.622,10000,False,True,7
xl_n150_m4_f8_c3_t0.5_r7,xlarge,150,4,8,3,0.5,7,4,LPT+EDD,2662.556,13.4166,3764.6988,3,37337.6358,1967.2661,1.0,1.5,False,0.0,nan,171.732,0.0,3,False,True,7
xl_n150_m4_f8_c3_t0.5_r8,xlarge,150,4,8,3,0.5,8,4,CPM,1557.5498,1.5,2892.1996,8,64671.0272,0.0,0.0,1.5,True,0.0,nan,19.2,600.732,1739,True,True,8
xl_n150_m4_f8_c3_t0.5_r8,xlarge,150,4,8,3,0.5,8,4,CPM-blind,1557.5498,1.5,2892.1996,8,64671.0272,0.0,0.0,1.5,True,0.0,nan,19.2,600.751,1739,True,True,8
xl_n150_m4_f8_c3_t0.5_r8,xlarge,150,4,8,3,0.5,8,4,ALNS,1638.8647,2.1666,1715.2157,15,60939.6349,229.2873,1.0,1.5,False,0.0,nan,27.732,169.709,10000,False,True,8
xl_n150_m4_f8_c3_t0.5_r8,xlarge,150,4,8,3,0.5,8,4,NSGA-II,1734.8824,3.0832,1802.8814,5,56290.767,279.9584,1.0,1.5,False,0.0,nan,39.465,7.795,10000,False,True,8
xl_n150_m4_f8_c3_t0.5_r8,xlarge,150,4,8,3,0.5,8,4,LPT+EDD,2423.802,13.75,3183.8482,2,9248.1251,1808.0639,1.0,1.5,False,0.0,nan,176.0,0.016,3,False,True,8
xl_n150_m4_f8_c3_t0.5_r9,xlarge,150,4,8,3,0.5,9,4,CPM,1965.0843,1.5,3530.8677,5,60802.4582,18.1703,0.0,1.5,True,0.0,nan,19.2,600.573,2347,True,True,9
xl_n150_m4_f8_c3_t0.5_r9,xlarge,150,4,8,3,0.5,9,4,CPM-blind,1965.0843,1.5,3530.8677,5,60802.4582,18.1703,0.0,1.5,True,0.0,nan,19.2,602.094,2486,True,True,9
xl_n150_m4_f8_c3_t0.5_r9,xlarge,150,4,8,3,0.5,9,4,ALNS,2054.15,1.9167,2415.5842,10,57487.6456,269.9429,0.9,1.5,False,0.0,nan,24.534,134.825,10000,False,True,9
xl_n150_m4_f8_c3_t0.5_r9,xlarge,150,4,8,3,0.5,9,4,NSGA-II,2197.0185,3.2501,2277.385,5,50935.3665,424.3495,1.0,1.5,False,0.0,nan,41.601,7.481,10000,False,True,9
xl_n150_m4_f8_c3_t0.5_r9,xlarge,150,4,8,3,0.5,9,4,LPT+EDD,2926.534,13.25,3162.5155,2,15344.6074,1439.6984,1.0,1.5,False,0.0,nan,169.6,0.0,3,False,True,9
xl_n150_m4_f8_c3_t0.7_r0,xlarge,150,4,8,3,0.7,0,4,CPM,3419.3156,1.5,3792.9836,8,118337.482,0.0,0.0,1.5,True,106.1,3122.73,19.2,600.018,9403,True,True,0
xl_n150_m4_f8_c3_t0.7_r0,xlarge,150,4,8,3,0.7,0,4,CPM-blind,3686.9498,1.5,4048.8836,7,107902.1082,188.1437,1.0,1.5,True,106.1,3374.98,19.2,600.058,5190,True,True,0
xl_n150_m4_f8_c3_t0.7_r0,xlarge,150,4,8,3,0.7,0,4,ALNS,3745.3174,2.3333,4127.7657,13,103190.9657,316.1766,1.0,1.5,False,106.1,3429.99,29.866,169.799,10000,False,True,0
xl_n150_m4_f8_c3_t0.7_r0,xlarge,150,4,8,3,0.7,0,4,NSGA-II,3942.2835,2.9166,4198.8328,4,94586.3637,413.0455,1.0,1.5,False,106.1,3615.63,37.332,7.543,10000,False,True,0
xl_n150_m4_f8_c3_t0.7_r0,xlarge,150,4,8,3,0.7,0,4,LPT+EDD,5273.6319,15.75,5877.2635,2,16805.2898,2681.2504,1.0,1.5,False,106.1,4870.44,201.6,0.0,3,False,True,0
xl_n150_m4_f8_c3_t0.7_r1,xlarge,150,4,8,3,0.7,1,4,CPM,3471.9182,1.5,4002.3333,7,67414.5271,16.817,0.0,1.5,True,164.8,2006.75,19.2,601.154,1521,True,True,1
xl_n150_m4_f8_c3_t0.7_r1,xlarge,150,4,8,3,0.7,1,4,CPM-blind,3478.0182,1.5,4002.3333,7,67249.9261,17.0994,0.1429,1.5,True,164.8,2010.45,19.2,602.007,1468,True,True,1
xl_n150_m4_f8_c3_t0.7_r1,xlarge,150,4,8,3,0.7,1,4,ALNS,3495.6843,2.0833,3795.6001,11,65772.8755,37.053,0.5455,1.5,False,164.8,2021.17,26.666,148.011,10000,False,True,1
xl_n150_m4_f8_c3_t0.7_r1,xlarge,150,4,8,3,0.7,1,4,NSGA-II,3726.3334,1.5,4217.2493,7,59976.6605,142.2081,1.0,1.5,True,164.8,2161.12,19.2,7.572,10000,False,True,1
xl_n150_m4_f8_c3_t0.7_r1,xlarge,150,4,8,3,0.7,1,4,LPT+EDD,4835.3103,10.2502,5196.9867,2,12308.9159,1722.7564,1.0,1.5,False,164.8,2834.05,131.203,0.0,3,False,True,1
xl_n150_m4_f8_c3_t0.7_r2,xlarge,150,4,8,3,0.7,2,4,CPM,4085.6681,1.5,4545.0667,8,24113.6883,5.5589,0.0,1.5,True,56.9,7080.44,19.2,600.343,3402,True,True,2
xl_n150_m4_f8_c3_t0.7_r2,xlarge,150,4,8,3,0.7,2,4,CPM-blind,4085.6681,1.5,4545.0667,8,24113.6883,5.5589,0.0,1.5,True,56.9,7080.44,19.2,600.876,3430,True,True,2
xl_n150_m4_f8_c3_t0.7_r2,xlarge,150,4,8,3,0.7,2,4,ALNS,4128.0823,2.0833,4666.9992,15,22556.4075,57.7381,0.9333,1.5,False,56.9,7154.98,26.666,150.584,10000,False,True,2
xl_n150_m4_f8_c3_t0.7_r2,xlarge,150,4,8,3,0.7,2,4,NSGA-II,4329.8334,2.4167,4677.3669,4,19614.3736,188.4114,1.0,1.5,False,56.9,7509.55,30.934,7.568,10000,False,True,2
xl_n150_m4_f8_c3_t0.7_r2,xlarge,150,4,8,3,0.7,2,4,LPT+EDD,5342.5649,13.75,5342.5649,1,789.5033,1546.1159,1.0,1.5,False,56.9,9289.39,176.0,0.0,3,False,True,2
xl_n150_m4_f8_c3_t0.7_r3,xlarge,150,4,8,3,0.7,3,4,CPM,3291.9322,1.5,4843.5839,8,57903.3479,98.9919,0.625,1.5,True,90.4,3541.52,19.2,601.051,2516,True,True,3
xl_n150_m4_f8_c3_t0.7_r3,xlarge,150,4,8,3,0.7,3,4,CPM-blind,3291.9322,1.5,4843.5839,8,57903.3479,98.9919,0.625,1.5,True,90.4,3541.52,19.2,601.274,2521,True,True,3
xl_n150_m4_f8_c3_t0.7_r3,xlarge,150,4,8,3,0.7,3,4,ALNS,3290.6151,1.5,4168.4661,17,57893.2058,15.1118,0.4706,1.5,True,90.4,3540.06,19.2,134.034,10000,False,True,3
xl_n150_m4_f8_c3_t0.7_r3,xlarge,150,4,8,3,0.7,3,4,NSGA-II,3665.6482,2.4166,4406.5981,8,45708.0012,302.7709,1.0,1.5,False,90.4,3954.92,30.932,7.478,10000,False,True,3
xl_n150_m4_f8_c3_t0.7_r3,xlarge,150,4,8,3,0.7,3,4,LPT+EDD,4590.3507,12.9168,4861.036,2,9122.4507,1691.2991,1.0,1.5,False,90.4,4977.82,165.335,0.0,3,False,True,3
xl_n150_m4_f8_c3_t0.7_r4,xlarge,150,4,8,3,0.7,4,4,CPM,4416.2315,1.5,4728.617,7,101245.0646,46.6825,0.2857,1.5,True,224.1,1870.65,19.2,600.661,2328,True,True,4
xl_n150_m4_f8_c3_t0.7_r4,xlarge,150,4,8,3,0.7,4,4,CPM-blind,4416.2315,1.5,4728.617,7,101245.0646,46.6825,0.2857,1.5,True,224.1,1870.65,19.2,600.806,2329,True,True,4
xl_n150_m4_f8_c3_t0.7_r4,xlarge,150,4,8,3,0.7,4,4,ALNS,4339.9639,2.0833,6199.0496,13,101279.9034,45.4238,0.4615,1.5,False,224.1,1836.62,26.666,229.717,10000,False,True,4
xl_n150_m4_f8_c3_t0.7_r4,xlarge,150,4,8,3,0.7,4,4,NSGA-II,4763.8632,4.6665,4778.9807,4,80770.5639,372.9655,1.0,1.5,False,224.1,2025.78,59.731,8.292,10000,False,True,4
xl_n150_m4_f8_c3_t0.7_r4,xlarge,150,4,8,3,0.7,4,4,LPT+EDD,5768.3226,14.7499,6342.0628,2,18978.9547,2181.9876,1.0,1.5,False,224.1,2473.99,188.799,0.0,3,False,True,4
xl_n150_m4_f8_c3_t0.7_r5,xlarge,150,4,8,3,0.7,5,4,CPM,3522.7149,1.5,4146.4992,11,143880.9371,0.0,0.0,1.5,True,330.8,964.91,19.2,600.506,2760,True,True,5
xl_n150_m4_f8_c3_t0.7_r5,xlarge,150,4,8,3,0.7,5,4,CPM-blind,3522.7149,1.5,4146.4992,11,143880.9371,0.0,0.0,1.5,True,330.8,964.91,19.2,600.9,2768,True,True,5
xl_n150_m4_f8_c3_t0.7_r5,xlarge,150,4,8,3,0.7,5,4,ALNS,3607.5672,1.5,4361.1,17,140341.5324,124.8277,1.0,1.5,True,330.8,990.56,19.2,164.773,10000,False,True,5
xl_n150_m4_f8_c3_t0.7_r5,xlarge,150,4,8,3,0.7,5,4,NSGA-II,4015.1998,3.3333,4140.5332,9,119277.4134,422.1134,1.0,1.5,False,330.8,1113.78,42.666,7.849,10000,False,True,5
xl_n150_m4_f8_c3_t0.7_r5,xlarge,150,4,8,3,0.7,5,4,LPT+EDD,4986.3809,13.5832,6626.4804,3,28222.4421,2944.7335,1.0,1.5,False,330.8,1407.37,173.865,0.0,3,False,True,5
xl_n150_m4_f8_c3_t0.7_r6,xlarge,150,4,8,3,0.7,6,4,CPM,3807.6493,1.5,4287.8326,8,65095.1494,16.9767,0.0,1.5,True,211.5,1700.31,19.2,600.302,2393,True,True,6
xl_n150_m4_f8_c3_t0.7_r6,xlarge,150,4,8,3,0.7,6,4,CPM-blind,3807.6493,1.5,4287.8326,8,65095.1494,16.9767,0.0,1.5,True,211.5,1700.31,19.2,600.31,2528,True,True,6
xl_n150_m4_f8_c3_t0.7_r6,xlarge,150,4,8,3,0.7,6,4,ALNS,3832.7673,2.0833,4149.7986,15,63271.799,49.0167,0.8667,1.5,False,211.5,1712.18,26.666,181.015,10000,False,True,6
xl_n150_m4_f8_c3_t0.7_r6,xlarge,150,4,8,3,0.7,6,4,NSGA-II,4024.0995,3.4999,4506.2988,6,54718.5942,202.9752,1.0,1.5,False,211.5,1802.65,44.799,7.039,10000,False,True,6
xl_n150_m4_f8_c3_t0.7_r6,xlarge,150,4,8,3,0.7,6,4,LPT+EDD,5130.4856,13.5001,5222.2842,2,11758.0292,1644.4647,1.0,1.5,False,211.5,2325.76,172.801,0.002,3,False,True,6
xl_n150_m4_f8_c3_t0.7_r7,xlarge,150,4,8,3,0.7,7,4,CPM,3058.5176,1.5,3555.5166,12,88249.4153,8.2535,0.1667,1.5,True,263.6,1060.29,19.2,602.7,2143,True,True,7
xl_n150_m4_f8_c3_t0.7_r7,xlarge,150,4,8,3,0.7,7,4,CPM-blind,3058.5176,1.5,3555.5166,12,88249.4153,8.2535,0.1667,1.5,True,263.6,1060.29,19.2,600.316,2155,True,True,7
xl_n150_m4_f8_c3_t0.7_r7,xlarge,150,4,8,3,0.7,7,4,ALNS,3109.4842,1.5,3747.6162,9,86595.4395,50.7919,0.3333,1.5,True,263.6,1079.62,19.2,141.918,10000,False,True,7
xl_n150_m4_f8_c3_t0.7_r7,xlarge,150,4,8,3,0.7,7,4,NSGA-II,3376.9,2.75,3602.5168,7,75210.5921,252.3647,1.0,1.5,False,263.6,1181.07,35.2,7.045,10000,False,True,7
xl_n150_m4_f8_c3_t0.7_r7,xlarge,150,4,8,3,0.7,7,4,LPT+EDD,4748.3555,14.5,5261.2969,2,11920.2782,2365.3477,1.0,1.5,False,263.6,1701.35,185.6,0.016,3,False,True,7
xl_n150_m4_f8_c3_t0.7_r8,xlarge,150,4,8,3,0.7,8,4,CPM,3764.7674,1.5,4076.3833,6,70297.6394,21.2063,0.1667,1.5,True,69.5,5316.93,19.2,600.294,2271,True,True,8
xl_n150_m4_f8_c3_t0.7_r8,xlarge,150,4,8,3,0.7,8,4,CPM-blind,3764.7674,1.5,4076.3833,6,70297.6394,21.2063,0.1667,1.5,True,69.5,5316.93,19.2,600.459,2275,True,True,8
xl_n150_m4_f8_c3_t0.7_r8,xlarge,150,4,8,3,0.7,8,4,ALNS,3751.1331,2.75,5296.3826,15,67602.391,51.1107,0.6667,1.5,False,69.5,5297.31,35.2,110.46,10000,False,True,8
xl_n150_m4_f8_c3_t0.7_r8,xlarge,150,4,8,3,0.7,8,4,NSGA-II,3945.1505,1.75,4670.8164,11,63572.2849,178.1129,1.0,1.5,False,69.5,5576.48,22.4,7.202,10000,False,True,8
xl_n150_m4_f8_c3_t0.7_r8,xlarge,150,4,8,3,0.7,8,4,LPT+EDD,4974.0757,12.4999,5326.4632,2,13277.8615,1744.5538,1.0,1.5,False,69.5,7056.94,159.999,0.0,3,False,True,8
xl_n150_m4_f8_c3_t0.7_r9,xlarge,150,4,8,3,0.7,9,4,CPM,3447.9658,1.5,4134.0167,10,89700.2288,0.0,0.0,1.5,True,493.2,599.1,19.2,604.573,2710,True,True,9
xl_n150_m4_f8_c3_t0.7_r9,xlarge,150,4,8,3,0.7,9,4,CPM-blind,3447.9658,1.5,4134.0167,10,89700.2288,0.0,0.0,1.5,True,493.2,599.1,19.2,2546.29,2536,True,True,9
xl_n150_m4_f8_c3_t0.7_r9,xlarge,150,4,8,3,0.7,9,4,ALNS,3467.0815,2.25,4188.0996,14,87031.5547,87.9052,1.0,1.5,False,493.2,602.98,28.8,185.919,10000,False,True,9
xl_n150_m4_f8_c3_t0.7_r9,xlarge,150,4,8,3,0.7,9,4,NSGA-II,3704.1644,2.8333,3791.1994,8,78417.6829,259.5131,1.0,1.5,False,493.2,651.05,36.266,7.491,10000,False,True,9
xl_n150_m4_f8_c3_t0.7_r9,xlarge,150,4,8,3,0.7,9,4,LPT+EDD,4666.2826,15.7499,5689.9482,3,20240.6459,2086.8446,1.0,1.5,False,493.2,846.12,201.599,0.0,3,False,True,9
xl_n150_m8_f8_c3_t0.3_r0,xlarge,150,8,8,3,0.3,0,0,CPM,277.3666,0.0,1453.5,5,49217.402,0.0,0.0,0.0,True,0.0,nan,0.0,146.351,10000,False,True,0
xl_n150_m8_f8_c3_t0.3_r0,xlarge,150,8,8,3,0.3,0,0,CPM-blind,377.2333,0.0,1622.5,6,45864.279,108.6694,1.0,0.0,True,0.0,nan,0.0,143.378,9000,False,True,0
xl_n150_m8_f8_c3_t0.3_r0,xlarge,150,8,8,3,0.3,0,0,ALNS,377.3827,1.2499,727.866,8,44546.5193,246.1118,1.0,0.0,False,0.0,nan,15.999,61.858,10000,False,True,0
xl_n150_m8_f8_c3_t0.3_r0,xlarge,150,8,8,3,0.3,0,0,NSGA-II,465.2665,0.25,1011.6,7,42924.9488,194.6939,1.0,0.0,False,0.0,nan,3.2,8.406,10000,False,True,0
xl_n150_m8_f8_c3_t0.3_r0,xlarge,150,8,8,3,0.3,0,0,LPT+EDD,628.6808,23.1665,1266.149,3,7441.8047,2372.4462,1.0,0.0,False,0.0,nan,296.531,0.005,3,False,True,0
xl_n150_m8_f8_c3_t0.3_r1,xlarge,150,8,8,3,0.3,1,0,CPM,263.6331,0.0,1089.4,8,36989.3939,0.0,0.0,0.0,True,0.0,nan,0.0,65.749,10000,False,True,1
xl_n150_m8_f8_c3_t0.3_r1,xlarge,150,8,8,3,0.3,1,0,CPM-blind,383.5663,0.0,1211.4,8,32812.9407,83.4588,1.0,0.0,True,0.0,nan,0.0,66.596,9000,False,True,1
xl_n150_m8_f8_c3_t0.3_r1,xlarge,150,8,8,3,0.3,1,0,ALNS,395.45,0.3333,656.7332,11,32366.8786,129.8695,1.0,0.0,False,0.0,nan,4.266,59.96,10000,False,True,1
xl_n150_m8_f8_c3_t0.3_r1,xlarge,150,8,8,3,0.3,1,0,NSGA-II,561.3166,0.8333,858.2665,4,26284.9568,186.203,1.0,0.0,False,0.0,nan,10.666,8.722,10000,False,True,1
xl_n150_m8_f8_c3_t0.3_r1,xlarge,150,8,8,3,0.3,1,0,LPT+EDD,644.4974,28.0832,1204.7476,2,2728.8112,2815.9502,1.0,0.0,False,0.0,nan,359.465,0.002,3,False,True,1
xl_n150_m8_f8_c3_t0.3_r2,xlarge,150,8,8,3,0.3,2,0,CPM,178.0334,0.0,1066.1,10,36712.9078,0.0,0.0,0.0,True,0.0,nan,0.0,287.139,10000,False,True,2
xl_n150_m8_f8_c3_t0.3_r2,xlarge,150,8,8,3,0.3,2,0,CPM-blind,271.7168,0.0,1201.8,8,33653.5369,89.5942,1.0,0.0,True,0.0,nan,0.0,263.455,8000,False,True,2
xl_n150_m8_f8_c3_t0.3_r2,xlarge,150,8,8,3,0.3,2,0,ALNS,303.7495,0.9166,1119.3833,12,31887.4946,128.6524,1.0,0.0,False,0.0,nan,11.732,59.835,10000,False,True,2
xl_n150_m8_f8_c3_t0.3_r2,xlarge,150,8,8,3,0.3,2,0,NSGA-II,370.4168,0.4167,624.2,10,30424.6191,201.5067,1.0,0.0,False,0.0,nan,5.334,8.505,10000,False,True,2
xl_n150_m8_f8_c3_t0.3_r2,xlarge,150,8,8,3,0.3,2,0,LPT+EDD,482.1651,25.5831,925.4489,3,4192.3589,2494.6102,1.0,0.0,False,0.0,nan,327.464,0.0,3,False,True,2
xl_n150_m8_f8_c3_t0.3_r3,xlarge,150,8,8,3,0.3,3,0,CPM,192.0163,0.0,1346.1,7,41318.4582,0.0,0.0,0.0,True,0.0,nan,0.0,127.18,10000,False,True,3
xl_n150_m8_f8_c3_t0.3_r3,xlarge,150,8,8,3,0.3,3,0,CPM-blind,291.6492,0.0,1469.4,8,38355.0902,87.5554,1.0,0.0,True,0.0,nan,0.0,117.594,8000,False,True,3
xl_n150_m8_f8_c3_t0.3_r3,xlarge,150,8,8,3,0.3,3,0,ALNS,309.983,1.1666,749.9331,13,36811.8248,183.9307,1.0,0.0,False,0.0,nan,14.932,59.938,10000,False,True,3
xl_n150_m8_f8_c3_t0.3_r3,xlarge,150,8,8,3,0.3,3,0,NSGA-II,410.7332,0.6667,532.9001,4,34742.2254,263.996,1.0,0.0,False,0.0,nan,8.534,8.204,10000,False,True,3
xl_n150_m8_f8_c3_t0.3_r3,xlarge,150,8,8,3,0.3,3,0,LPT+EDD,517.8962,23.0832,922.7656,2,5597.3392,2282.2781,1.0,0.0,False,0.0,nan,295.465,0.003,3,False,True,3
xl_n150_m8_f8_c3_t0.3_r4,xlarge,150,8,8,3,0.3,4,0,CPM,147.9166,0.0,982.6,13,34239.4362,23.6093,0.0769,0.0,True,0.0,nan,0.0,131.573,10000,False,True,4
xl_n150_m8_f8_c3_t0.3_r4,xlarge,150,8,8,3,0.3,4,0,CPM-blind,262.3332,0.0,1160.2,13,30700.4818,77.5162,1.0,0.0,True,0.0,nan,0.0,130.756,9000,False,True,4
xl_n150_m8_f8_c3_t0.3_r4,xlarge,150,8,8,3,0.3,4,0,ALNS,272.4829,0.25,693.45,10,30423.8802,88.7132,0.7,0.0,False,0.0,nan,3.2,59.271,10000,False,True,4
xl_n150_m8_f8_c3_t0.3_r4,xlarge,150,8,8,3,0.3,4,0,NSGA-II,349.4498,0.3333,692.8,7,28125.5905,120.8395,0.8571,0.0,False,0.0,nan,4.266,7.772,10000,False,True,4
xl_n150_m8_f8_c3_t0.3_r4,xlarge,150,8,8,3,0.3,4,0,LPT+EDD,471.4809,23.9998,715.4149,2,4530.209,2329.4304,1.0,0.0,False,0.0,nan,307.197,0.0,3,False,True,4
xl_n150_m8_f8_c3_t0.3_r5,xlarge,150,8,8,3,0.3,5,0,CPM,201.6001,0.0,1644.4,8,54552.8944,13.6607,0.125,0.0,True,0.0,nan,0.0,95.585,9000,False,True,5
xl_n150_m8_f8_c3_t0.3_r5,xlarge,150,8,8,3,0.3,5,0,CPM-blind,276.5834,0.0,1821.1,8,52170.5839,83.074,1.0,0.0,True,0.0,nan,0.0,45.181,9000,False,True,5
xl_n150_m8_f8_c3_t0.3_r5,xlarge,150,8,8,3,0.3,5,0,ALNS,319.3168,0.5833,577.5333,14,50585.5475,177.6413,0.8571,0.0,False,0.0,nan,7.466,26.448,10000,False,True,5
xl_n150_m8_f8_c3_t0.3_r5,xlarge,150,8,8,3,0.3,5,0,NSGA-II,416.6168,0.25,822.0,5,48109.1748,168.8602,0.8,0.0,False,0.0,nan,3.2,2.632,10000,False,True,5
xl_n150_m8_f8_c3_t0.3_r5,xlarge,150,8,8,3,0.3,5,0,LPT+EDD,443.7804,21.4163,921.9971,3,11500.4233,2113.7376,1.0,0.0,False,0.0,nan,274.129,0.006,3,False,True,5
xl_n150_m8_f8_c3_t0.3_r6,xlarge,150,8,8,3,0.3,6,0,CPM,179.3001,0.0,896.3,7,37383.8485,0.0,0.0,0.0,True,0.0,nan,0.0,83.274,10000,False,True,6
xl_n150_m8_f8_c3_t0.3_r6,xlarge,150,8,8,3,0.3,6,0,CPM-blind,306.7001,0.0,1124.5,8,32717.0202,105.2022,1.0,0.0,True,0.0,nan,0.0,171.662,9000,False,True,6
xl_n150_m8_f8_c3_t0.3_r6,xlarge,150,8,8,3,0.3,6,0,ALNS,352.1167,1.0,726.7667,13,30573.0819,157.5114,1.0,0.0,False,0.0,nan,12.8,59.12,10000,False,True,6
xl_n150_m8_f8_c3_t0.3_r6,xlarge,150,8,8,3,0.3,6,0,NSGA-II,421.9661,0.5833,648.7333,9,28584.4084,178.3747,1.0,0.0,False,0.0,nan,7.466,8.484,10000,False,True,6
xl_n150_m8_f8_c3_t0.3_r6,xlarge,150,8,8,3,0.3,6,0,LPT+EDD,518.6323,24.1667,860.7326,2,5553.0902,2366.3703,1.0,0.0,False,0.0,nan,309.334,0.003,3,False,True,6
xl_n150_m8_f8_c3_t0.3_r7,xlarge,150,8,8,3,0.3,7,0,CPM,285.7661,0.0,1629.5,7,55018.6469,0.0,0.0,0.0,True,0.0,nan,0.0,302.752,10000,False,True,7
xl_n150_m8_f8_c3_t0.3_r7,xlarge,150,8,8,3,0.3,7,0,CPM-blind,345.9494,0.0,1722.3,8,52901.3761,71.8335,1.0,0.0,True,0.0,nan,0.0,287.039,9000,False,True,7
xl_n150_m8_f8_c3_t0.3_r7,xlarge,150,8,8,3,0.3,7,0,ALNS,354.4164,0.9166,620.3662,14,51514.1053,235.0393,1.0,0.0,False,0.0,nan,11.732,54.699,10000,False,True,7
xl_n150_m8_f8_c3_t0.3_r7,xlarge,150,8,8,3,0.3,7,0,NSGA-II,505.6997,0.25,776.85,5,47392.9646,287.9528,1.0,0.0,False,0.0,nan,3.2,8.711,10000,False,True,7
xl_n150_m8_f8_c3_t0.3_r7,xlarge,150,8,8,3,0.3,7,0,LPT+EDD,538.1308,26.5833,980.0329,2,8649.5422,2610.6617,1.0,0.0,False,0.0,nan,340.266,0.0,3,False,True,7
xl_n150_m8_f8_c3_t0.3_r8,xlarge,150,8,8,3,0.3,8,0,CPM,345.4329,0.0,1430.4,6,42161.6561,55.3848,0.1667,0.0,True,0.0,nan,0.0,106.528,10000,False,True,8
xl_n150_m8_f8_c3_t0.3_r8,xlarge,150,8,8,3,0.3,8,0,CPM-blind,434.5663,0.0,1586.9,7,39406.2346,87.9822,1.0,0.0,True,0.0,nan,0.0,100.903,9000,False,True,8
xl_n150_m8_f8_c3_t0.3_r8,xlarge,150,8,8,3,0.3,8,0,ALNS,461.3163,1.5833,504.6333,6,37184.0567,264.1337,1.0,0.0,False,0.0,nan,20.266,54.983,10000,False,True,8
xl_n150_m8_f8_c3_t0.3_r8,xlarge,150,8,8,3,0.3,8,0,NSGA-II,548.8332,0.25,738.15,4,36179.1921,195.6002,0.5,0.0,False,0.0,nan,3.2,8.692,10000,False,True,8
xl_n150_m8_f8_c3_t0.3_r8,xlarge,150,8,8,3,0.3,8,0,LPT+EDD,739.7465,22.5831,1515.8813,3,4727.3398,2377.7005,1.0,0.0,False,0.0,nan,289.064,0.0,3,False,True,8
xl_n150_m8_f8_c3_t0.3_r9,xlarge,150,8,8,3,0.3,9,0,CPM,227.8337,0.0,1527.1,10,35339.912,30.982,0.3,0.0,True,0.0,nan,0.0,600.788,6355,True,True,9
xl_n150_m8_f8_c3_t0.3_r9,xlarge,150,8,8,3,0.3,9,0,CPM-blind,227.8337,0.0,1527.1,10,35339.912,30.982,0.3,0.0,True,0.0,nan,0.0,600.579,6700,True,True,9
xl_n150_m8_f8_c3_t0.3_r9,xlarge,150,8,8,3,0.3,9,0,ALNS,247.0331,1.0,603.7,19,34556.6561,104.8728,0.9474,0.0,False,0.0,nan,12.8,90.588,10000,False,True,9
xl_n150_m8_f8_c3_t0.3_r9,xlarge,150,8,8,3,0.3,9,0,NSGA-II,290.4001,0.5,508.5,10,34227.1251,114.9725,0.5,0.0,False,0.0,nan,6.4,10.182,10000,False,True,9
xl_n150_m8_f8_c3_t0.3_r9,xlarge,150,8,8,3,0.3,9,0,LPT+EDD,417.7989,18.3335,802.3343,2,6963.0367,1746.8058,1.0,0.0,False,0.0,nan,234.669,0.0,3,False,True,9
xl_n150_m8_f8_c3_t0.5_r0,xlarge,150,8,8,3,0.5,0,0,CPM,761.0498,0.0,2493.7,7,58080.1659,31.972,0.0,0.0,True,0.0,nan,0.0,462.387,10000,False,True,0
xl_n150_m8_f8_c3_t0.5_r0,xlarge,150,8,8,3,0.5,0,0,CPM-blind,896.6998,0.0,2691.0,7,54414.0136,125.7401,1.0,0.0,True,0.0,nan,0.0,568.336,8000,False,True,0
xl_n150_m8_f8_c3_t0.5_r0,xlarge,150,8,8,3,0.5,0,0,ALNS,929.6656,1.1666,1443.2997,14,52006.0564,330.6921,1.0,0.0,False,0.0,nan,14.932,102.516,10000,False,True,0
xl_n150_m8_f8_c3_t0.5_r0,xlarge,150,8,8,3,0.5,0,0,NSGA-II,1024.0995,0.5833,1452.1833,8,50827.1719,297.9941,0.75,0.0,False,0.0,nan,7.466,12.898,10000,False,True,0
xl_n150_m8_f8_c3_t0.5_r0,xlarge,150,8,8,3,0.5,0,0,LPT+EDD,1248.9993,20.9999,1724.2672,3,8845.6379,2108.3378,1.0,0.0,False,0.0,nan,268.799,0.002,3,False,True,0
xl_n150_m8_f8_c3_t0.5_r1,xlarge,150,8,8,3,0.5,1,0,CPM,547.4165,0.0,1347.8,10,28114.8432,0.0,0.0,0.0,True,0.0,nan,0.0,195.763,10000,False,True,1
xl_n150_m8_f8_c3_t0.5_r1,xlarge,150,8,8,3,0.5,1,0,CPM-blind,715.3667,0.0,1648.8,10,24214.2714,158.0681,1.0,0.0,True,0.0,nan,0.0,174.073,8000,False,True,1
xl_n150_m8_f8_c3_t0.5_r1,xlarge,150,8,8,3,0.5,1,0,ALNS,724.1337,1.0833,1106.9833,15,23309.8037,175.8668,1.0,0.0,False,0.0,nan,13.866,76.124,10000,False,True,1
xl_n150_m8_f8_c3_t0.5_r1,xlarge,150,8,8,3,0.5,1,0,NSGA-II,779.0332,0.5,985.6,7,22810.4638,205.48,1.0,0.0,False,0.0,nan,6.4,11.762,10000,False,True,1
xl_n150_m8_f8_c3_t0.5_r1,xlarge,150,8,8,3,0.5,1,0,LPT+EDD,995.2658,20.4998,995.2658,1,1761.7241,1941.4781,1.0,0.0,False,0.0,nan,262.397,0.0,3,False,True,1
xl_n150_m8_f8_c3_t0.5_r2,xlarge,150,8,8,3,0.5,2,0,CPM,845.6164,0.0,2776.9,12,64884.0747,14.9061,0.1667,0.0,True,0.3,281772.13,0.0,600.535,6110,True,True,2
xl_n150_m8_f8_c3_t0.5_r2,xlarge,150,8,8,3,0.5,2,0,CPM-blind,845.6164,0.0,2776.9,12,64884.0747,14.9061,0.1667,0.0,True,0.3,281772.13,0.0,600.362,6082,True,True,2
xl_n150_m8_f8_c3_t0.5_r2,xlarge,150,8,8,3,0.5,2,0,ALNS,873.633,1.0833,1398.533,13,62835.398,261.7269,1.0,0.0,False,0.3,291111.0,13.866,138.429,10000,False,True,2
xl_n150_m8_f8_c3_t0.5_r2,xlarge,150,8,8,3,0.5,2,0,NSGA-II,1006.1164,0.5,1245.6,8,60456.7258,310.8025,0.625,0.0,False,0.3,335272.13,6.4,14.284,10000,False,True,2
xl_n150_m8_f8_c3_t0.5_r2,xlarge,150,8,8,3,0.5,2,0,LPT+EDD,1455.8676,17.667,1520.3366,2,19231.7186,1713.9959,1.0,0.0,False,0.3,485189.2,226.138,0.006,3,False,True,2
xl_n150_m8_f8_c3_t0.5_r3,xlarge,150,8,8,3,0.5,3,0,CPM,754.0,0.0,1555.4,8,39299.9606,25.0821,0.0,0.0,True,0.0,nan,0.0,223.513,10000,False,True,3
xl_n150_m8_f8_c3_t0.5_r3,xlarge,150,8,8,3,0.5,3,0,CPM-blind,902.1166,0.0,1864.6,9,34555.0458,160.6822,1.0,0.0,True,0.0,nan,0.0,224.906,9000,False,True,3
xl_n150_m8_f8_c3_t0.5_r3,xlarge,150,8,8,3,0.5,3,0,ALNS,942.1337,1.3333,1133.4831,12,32327.9443,232.9132,1.0,0.0,False,0.0,nan,17.066,105.654,10000,False,True,3
xl_n150_m8_f8_c3_t0.5_r3,xlarge,150,8,8,3,0.5,3,0,NSGA-II,1026.9505,0.25,1331.05,15,30911.1654,208.6427,0.9333,0.0,False,0.0,nan,3.2,14.22,10000,False,True,3
xl_n150_m8_f8_c3_t0.5_r3,xlarge,150,8,8,3,0.5,3,0,LPT+EDD,1393.9321,22.9166,1618.347,2,3988.3762,2294.6304,1.0,0.0,False,0.0,nan,293.332,0.004,3,False,True,3
xl_n150_m8_f8_c3_t0.5_r4,xlarge,150,8,8,3,0.5,4,0,CPM,917.6829,0.0,3421.6,11,99854.1811,0.0,0.0,0.0,True,0.0,nan,0.0,343.868,10000,False,True,4
xl_n150_m8_f8_c3_t0.5_r4,xlarge,150,8,8,3,0.5,4,0,CPM-blind,1051.4829,0.0,3506.8,10,95332.1365,97.5127,1.0,0.0,True,0.0,nan,0.0,280.054,9000,False,True,4
xl_n150_m8_f8_c3_t0.5_r4,xlarge,150,8,8,3,0.5,4,0,ALNS,1030.1659,1.25,1350.4667,15,93470.7393,409.0457,1.0,0.0,False,0.0,nan,16.0,109.972,10000,False,True,4
xl_n150_m8_f8_c3_t0.5_r4,xlarge,150,8,8,3,0.5,4,0,NSGA-II,1078.8999,1.0,1444.2333,10,92553.382,396.4592,1.0,0.0,False,0.0,nan,12.8,14.16,10000,False,True,4
xl_n150_m8_f8_c3_t0.5_r4,xlarge,150,8,8,3,0.5,4,0,LPT+EDD,1532.9761,21.9161,2166.6293,3,24721.59,2281.7934,1.0,0.0,False,0.0,nan,280.526,0.004,3,False,True,4
xl_n150_m8_f8_c3_t0.5_r5,xlarge,150,8,8,3,0.5,5,0,CPM,755.0836,0.0,2157.8,10,42082.9116,25.6951,0.2,0.0,True,0.0,nan,0.0,600.479,6537,True,True,5
xl_n150_m8_f8_c3_t0.5_r5,xlarge,150,8,8,3,0.5,5,0,CPM-blind,755.0836,0.0,2157.8,10,42082.9116,25.6951,0.2,0.0,True,0.0,nan,0.0,600.37,6529,True,True,5
xl_n150_m8_f8_c3_t0.5_r5,xlarge,150,8,8,3,0.5,5,0,ALNS,760.1668,1.1666,817.6497,13,41101.4005,197.023,1.0,0.0,False,0.0,nan,14.932,76.693,10000,False,True,5
xl_n150_m8_f8_c3_t0.5_r5,xlarge,150,8,8,3,0.5,5,0,NSGA-II,819.1001,0.5,1206.3,6,40551.9953,164.13,0.6667,0.0,False,0.0,nan,6.4,11.141,10000,False,True,5
xl_n150_m8_f8_c3_t0.5_r5,xlarge,150,8,8,3,0.5,5,0,LPT+EDD,1072.2189,19.7503,1342.8016,2,7834.5916,1882.0096,1.0,0.0,False,0.0,nan,252.804,0.004,3,False,True,5
xl_n150_m8_f8_c3_t0.5_r6,xlarge,150,8,8,3,0.5,6,0,CPM,738.1334,0.0,1285.7,9,40279.2307,0.0,0.0,0.0,True,0.0,nan,0.0,197.584,9000,False,True,6
xl_n150_m8_f8_c3_t0.5_r6,xlarge,150,8,8,3,0.5,6,0,CPM-blind,907.2165,0.0,1466.8,12,34513.2294,143.1263,1.0,0.0,True,0.0,nan,0.0,182.566,8000,False,True,6
xl_n150_m8_f8_c3_t0.5_r6,xlarge,150,8,8,3,0.5,6,0,ALNS,934.0672,0.8333,1075.5832,7,32988.5255,171.7336,1.0,0.0,False,0.0,nan,10.666,89.983,10000,False,True,6
xl_n150_m8_f8_c3_t0.5_r6,xlarge,150,8,8,3,0.5,6,0,NSGA-II,1052.9169,0.25,1184.8,3,29602.1404,235.261,1.0,0.0,False,0.0,nan,3.2,13.209,10000,False,True,6
xl_n150_m8_f8_c3_t0.5_r6,xlarge,150,8,8,3,0.5,6,0,LPT+EDD,1291.0334,26.9167,1752.9316,2,2742.0689,2714.8885,1.0,0.0,False,0.0,nan,344.534,0.005,3,False,True,6
xl_n150_m8_f8_c3_t0.5_r7,xlarge,150,8,8,3,0.5,7,0,CPM,661.45,0.0,1719.9,12,47640.8737,1.0996,0.0,0.0,True,0.0,nan,0.0,345.77,10000,False,True,7
xl_n150_m8_f8_c3_t0.5_r7,xlarge,150,8,8,3,0.5,7,0,CPM-blind,796.6834,0.0,1967.7,11,43190.9288,136.912,1.0,0.0,True,0.0,nan,0.0,328.061,9000,False,True,7
xl_n150_m8_f8_c3_t0.5_r7,xlarge,150,8,8,3,0.5,7,0,ALNS,826.1,1.4167,1321.2669,20,41015.2983,205.733,1.0,0.0,False,0.0,nan,18.134,119.146,10000,False,True,7
xl_n150_m8_f8_c3_t0.5_r7,xlarge,150,8,8,3,0.5,7,0,NSGA-II,948.816,0.3333,1654.0333,17,38388.9173,180.6677,0.9412,0.0,False,0.0,nan,4.266,13.689,10000,False,True,7
xl_n150_m8_f8_c3_t0.5_r7,xlarge,150,8,8,3,0.5,7,0,LPT+EDD,1257.8148,22.583,1829.8131,3,6125.958,2257.3175,1.0,0.0,False,0.0,nan,289.062,0.0,3,False,True,7
xl_n150_m8_f8_c3_t0.5_r8,xlarge,150,8,8,3,0.5,8,0,CPM,1134.7667,0.0,2520.3,7,70055.789,0.0,0.0,0.0,True,0.0,nan,0.0,387.334,10000,False,True,8
xl_n150_m8_f8_c3_t0.5_r8,xlarge,150,8,8,3,0.5,8,0,CPM-blind,1268.5169,0.0,2667.3,7,64812.6427,97.7081,1.0,0.0,True,0.0,nan,0.0,168.22,9000,False,True,8
xl_n150_m8_f8_c3_t0.5_r8,xlarge,150,8,8,3,0.5,8,0,ALNS,1272.4836,0.9166,1989.5328,10,63205.0401,210.4606,1.0,0.0,False,0.0,nan,11.732,37.504,10000,False,True,8
xl_n150_m8_f8_c3_t0.5_r8,xlarge,150,8,8,3,0.5,8,0,NSGA-II,1392.0172,0.5833,1679.7997,8,59549.5126,259.0462,1.0,0.0,False,0.0,nan,7.466,3.13,10000,False,True,8
xl_n150_m8_f8_c3_t0.5_r8,xlarge,150,8,8,3,0.5,8,0,LPT+EDD,1851.8153,26.7499,2136.5307,2,11091.5774,2692.2183,1.0,0.0,False,0.0,nan,342.399,0.0,3,False,True,8
xl_n150_m8_f8_c3_t0.5_r9,xlarge,150,8,8,3,0.5,9,0,CPM,1023.9494,0.0,2865.9,9,102478.0114,0.0,0.0,0.0,True,0.0,nan,0.0,111.38,10000,False,True,9
xl_n150_m8_f8_c3_t0.5_r9,xlarge,150,8,8,3,0.5,9,0,CPM-blind,1190.0328,0.0,3198.5,9,95565.2356,153.877,1.0,0.0,True,0.0,nan,0.0,86.624,8000,False,True,9
xl_n150_m8_f8_c3_t0.5_r9,xlarge,150,8,8,3,0.5,9,0,ALNS,1234.5499,1.8334,1497.0506,16,90181.0816,358.8073,1.0,0.0,False,0.0,nan,23.468,23.626,10000,False,True,9
xl_n150_m8_f8_c3_t0.5_r9,xlarge,150,8,8,3,0.5,9,0,NSGA-II,1384.1174,0.25,2035.7,10,87485.0302,315.5069,1.0,0.0,False,0.0,nan,3.2,2.939,10000,False,True,9
xl_n150_m8_f8_c3_t0.5_r9,xlarge,150,8,8,3,0.5,9,0,LPT+EDD,1781.3983,23.5832,2383.6637,3,26734.5105,2378.9394,1.0,0.0,False,0.0,nan,301.865,0.0,3,False,True,9
xl_n150_m8_f8_c3_t0.7_r0,xlarge,150,8,8,3,0.7,0,0,CPM,1749.1829,0.0,3615.1,9,89116.8832,6.3627,0.1111,0.0,True,86.8,1915.19,0.0,105.973,10000,False,True,0
xl_n150_m8_f8_c3_t0.7_r0,xlarge,150,8,8,3,0.7,0,0,CPM-blind,1999.4162,0.0,4047.9,11,80535.235,188.6688,1.0,0.0,True,86.8,2203.47,0.0,97.007,8000,False,True,0
xl_n150_m8_f8_c3_t0.7_r0,xlarge,150,8,8,3,0.7,0,0,ALNS,2009.1993,1.0834,2406.1169,12,78477.131,278.8918,1.0,0.0,False,86.8,2214.75,13.868,27.365,10000,False,True,0
xl_n150_m8_f8_c3_t0.7_r0,xlarge,150,8,8,3,0.7,0,0,NSGA-II,2137.8492,0.5833,2448.1166,11,75722.7636,290.7918,0.8182,0.0,False,86.8,2362.96,7.466,2.948,10000,False,True,0
xl_n150_m8_f8_c3_t0.7_r0,xlarge,150,8,8,3,0.7,0,0,LPT+EDD,2690.928,22.4165,3753.146,3,12871.9169,2577.529,1.0,0.0,False,86.8,3000.15,286.931,0.0,3,False,True,0
xl_n150_m8_f8_c3_t0.7_r1,xlarge,150,8,8,3,0.7,1,0,CPM,1404.9992,0.0,2089.2,12,48806.3352,5.2917,0.0833,0.0,True,153.5,815.31,0.0,107.73,10000,False,True,1
xl_n150_m8_f8_c3_t0.7_r1,xlarge,150,8,8,3,0.7,1,0,CPM-blind,1550.6158,0.0,2354.5,16,44581.7008,136.4619,1.0,0.0,True,153.5,910.17,0.0,98.797,8000,False,True,1
xl_n150_m8_f8_c3_t0.7_r1,xlarge,150,8,8,3,0.7,1,0,ALNS,1576.0822,1.1666,1738.9163,10,42431.3286,192.9751,1.0,0.0,False,153.5,926.76,14.932,20.291,10000,False,True,1
xl_n150_m8_f8_c3_t0.7_r1,xlarge,150,8,8,3,0.7,1,0,NSGA-II,1690.0496,0.25,1858.45,13,40772.4549,229.0126,0.9231,0.0,False,153.5,1001.01,3.2,2.785,10000,False,True,1
xl_n150_m8_f8_c3_t0.7_r1,xlarge,150,8,8,3,0.7,1,0,LPT+EDD,2233.0289,22.9996,2882.795,3,3406.3272,2457.4539,1.0,0.0,False,153.5,1354.74,294.395,0.0,3,False,True,1
xl_n150_m8_f8_c3_t0.7_r2,xlarge,150,8,8,3,0.7,2,0,CPM,1639.416,0.0,3333.2,9,68567.1008,0.0,0.0,0.0,True,184.5,788.57,0.0,52.737,10000,False,True,2
xl_n150_m8_f8_c3_t0.7_r2,xlarge,150,8,8,3,0.7,2,0,CPM-blind,1763.3993,0.0,3577.6,9,64728.1487,126.4357,1.0,0.0,True,184.5,855.77,0.0,49.109,9000,False,True,2
xl_n150_m8_f8_c3_t0.7_r2,xlarge,150,8,8,3,0.7,2,0,ALNS,1792.6654,1.6666,1864.9659,8,61215.5599,316.1961,1.0,0.0,False,184.5,871.63,21.332,24.301,10000,False,True,2
xl_n150_m8_f8_c3_t0.7_r2,xlarge,150,8,8,3,0.7,2,0,NSGA-II,1982.6827,0.8333,2307.0499,6,57334.8049,332.8133,1.0,0.0,False,184.5,974.62,10.666,2.981,10000,False,True,2
xl_n150_m8_f8_c3_t0.7_r2,xlarge,150,8,8,3,0.7,2,0,LPT+EDD,2338.9603,21.9166,3102.9806,2,9122.357,2392.8849,1.0,0.0,False,184.5,1167.73,280.532,0.002,3,False,True,2
xl_n150_m8_f8_c3_t0.7_r3,xlarge,150,8,8,3,0.7,3,0,CPM,1765.0999,0.0,3960.1,12,78110.3088,62.9885,0.1667,0.0,True,258.7,582.3,0.0,462.669,10000,False,True,3
xl_n150_m8_f8_c3_t0.7_r3,xlarge,150,8,8,3,0.7,3,0,CPM-blind,1887.8999,0.0,4176.6,14,74605.5964,98.1206,1.0,0.0,True,258.7,629.76,0.0,425.353,8000,False,True,3
xl_n150_m8_f8_c3_t0.7_r3,xlarge,150,8,8,3,0.7,3,0,ALNS,1937.7835,1.4167,2392.3667,10,70949.397,254.4782,1.0,0.0,False,258.7,649.05,18.134,29.119,10000,False,True,3
xl_n150_m8_f8_c3_t0.7_r3,xlarge,150,8,8,3,0.7,3,0,NSGA-II,2067.3326,0.25,3000.65,10,70234.5593,175.7868,0.4,0.0,False,258.7,699.12,3.2,3.056,10000,False,True,3
xl_n150_m8_f8_c3_t0.7_r3,xlarge,150,8,8,3,0.7,3,0,LPT+EDD,2523.8122,17.583,3100.4985,3,18432.3375,1903.873,1.0,0.0,False,258.7,875.57,225.062,0.0,3,False,True,3
xl_n150_m8_f8_c3_t0.7_r4,xlarge,150,8,8,3,0.7,4,0,CPM,1830.7339,0.0,4065.9,7,87262.0732,76.8558,0.2857,0.0,True,137.0,1236.3,0.0,290.613,10000,False,True,4
xl_n150_m8_f8_c3_t0.7_r4,xlarge,150,8,8,3,0.7,4,0,CPM-blind,1985.3672,0.0,4417.3,9,82570.1809,177.0059,1.0,0.0,True,137.0,1349.17,0.0,279.235,9000,False,True,4
xl_n150_m8_f8_c3_t0.7_r4,xlarge,150,8,8,3,0.7,4,0,ALNS,1942.0001,1.0,3102.65,20,81790.6661,322.2447,1.0,0.0,False,137.0,1317.52,12.8,26.478,10000,False,True,4
xl_n150_m8_f8_c3_t0.7_r4,xlarge,150,8,8,3,0.7,4,0,NSGA-II,2033.051,0.5833,2193.4833,8,81090.3624,565.2835,0.75,0.0,False,137.0,1383.98,7.466,3.061,10000,False,True,4
xl_n150_m8_f8_c3_t0.7_r4,xlarge,150,8,8,3,0.7,4,0,LPT+EDD,2638.1705,20.3338,2834.7049,2,18786.7899,2134.1679,1.0,0.0,False,137.0,1825.67,260.273,0.0,3,False,True,4
xl_n150_m8_f8_c3_t0.7_r5,xlarge,150,8,8,3,0.7,5,0,CPM,1681.8495,0.0,2683.4,11,66840.606,0.0,0.0,0.0,True,116.3,1346.13,0.0,69.372,10000,False,True,5
xl_n150_m8_f8_c3_t0.7_r5,xlarge,150,8,8,3,0.7,5,0,CPM-blind,1747.4495,0.0,2900.9,13,64442.6343,81.4792,1.0,0.0,True,116.3,1402.54,0.0,64.754,9000,False,True,5
xl_n150_m8_f8_c3_t0.7_r5,xlarge,150,8,8,3,0.7,5,0,ALNS,1756.4163,1.1666,1936.733,11,62410.2542,154.666,1.0,0.0,False,116.3,1410.25,14.932,25.051,10000,False,True,5
xl_n150_m8_f8_c3_t0.7_r5,xlarge,150,8,8,3,0.7,5,0,NSGA-II,1894.8328,0.25,2147.35,8,59343.2583,205.2088,1.0,0.0,False,116.3,1529.26,3.2,2.867,10000,False,True,5
xl_n150_m8_f8_c3_t0.7_r5,xlarge,150,8,8,3,0.7,5,0,LPT+EDD,2517.3271,23.7495,3308.2124,3,7122.251,2668.9868,1.0,0.0,False,116.3,2064.51,303.994,0.0,3,False,True,5
xl_n150_m8_f8_c3_t0.7_r6,xlarge,150,8,8,3,0.7,6,0,CPM,1942.9158,0.0,2761.7,9,103240.8561,0.0,0.0,0.0,True,163.6,1087.6,0.0,48.055,9000,False,True,6
xl_n150_m8_f8_c3_t0.7_r6,xlarge,150,8,8,3,0.7,6,0,CPM-blind,2069.1825,0.0,2964.2,11,98130.4373,117.2943,1.0,0.0,True,163.6,1164.78,0.0,44.083,8000,False,True,6
xl_n150_m8_f8_c3_t0.7_r6,xlarge,150,8,8,3,0.7,6,0,ALNS,2082.5159,1.4166,2606.8661,15,94268.0616,183.071,1.0,0.0,False,163.6,1172.93,18.132,33.552,10000,False,True,6
xl_n150_m8_f8_c3_t0.7_r6,xlarge,150,8,8,3,0.7,6,0,NSGA-II,2206.6495,0.25,2470.3,10,92345.6618,227.1679,1.0,0.0,False,163.6,1248.81,3.2,3.088,10000,False,True,6
xl_n150_m8_f8_c3_t0.7_r6,xlarge,150,8,8,3,0.7,6,0,LPT+EDD,2770.8949,28.4999,4139.1809,3,11261.7968,3314.689,1.0,0.0,False,163.6,1593.7,364.799,0.002,3,False,True,6
xl_n150_m8_f8_c3_t0.7_r7,xlarge,150,8,8,3,0.7,7,0,CPM,1905.1836,0.0,3466.8,8,96891.3244,0.0,0.0,0.0,True,55.8,3314.31,0.0,84.906,10000,False,True,7
xl_n150_m8_f8_c3_t0.7_r7,xlarge,150,8,8,3,0.7,7,0,CPM-blind,2018.8503,0.0,3696.3,8,92815.9877,102.1457,1.0,0.0,True,55.8,3518.01,0.0,73.299,8000,False,True,7
xl_n150_m8_f8_c3_t0.7_r7,xlarge,150,8,8,3,0.7,7,0,ALNS,2017.184,1.0,4257.6825,14,89134.7564,230.922,1.0,0.0,False,55.8,3515.03,12.8,26.083,10000,False,True,7
xl_n150_m8_f8_c3_t0.7_r7,xlarge,150,8,8,3,0.7,7,0,NSGA-II,2258.85,0.25,2852.5,7,84327.195,286.3807,1.0,0.0,False,55.8,3948.12,3.2,2.966,10000,False,True,7
xl_n150_m8_f8_c3_t0.7_r7,xlarge,150,8,8,3,0.7,7,0,LPT+EDD,2779.0149,27.8331,4082.9142,3,10048.537,3045.921,1.0,0.0,False,55.8,4880.31,356.264,0.0,3,False,True,7
xl_n150_m8_f8_c3_t0.7_r8,xlarge,150,8,8,3,0.7,8,0,CPM,1790.8499,0.0,2794.4,9,62903.8469,0.0,0.0,0.0,True,201.4,789.2,0.0,109.823,10000,False,True,8
xl_n150_m8_f8_c3_t0.7_r8,xlarge,150,8,8,3,0.7,8,0,CPM-blind,1962.5497,0.0,3098.5,13,56751.4999,164.686,1.0,0.0,True,201.4,874.45,0.0,94.072,8000,False,True,8
xl_n150_m8_f8_c3_t0.7_r8,xlarge,150,8,8,3,0.7,8,0,ALNS,1986.849,1.2499,2243.4322,11,54268.583,246.5399,1.0,0.0,False,201.4,886.52,15.999,28.627,10000,False,True,8
xl_n150_m8_f8_c3_t0.7_r8,xlarge,150,8,8,3,0.7,8,0,NSGA-II,2220.4158,0.25,2496.05,5,47906.4614,324.6344,1.0,0.0,False,201.4,1002.49,3.2,3.092,10000,False,True,8
xl_n150_m8_f8_c3_t0.7_r8,xlarge,150,8,8,3,0.7,8,0,LPT+EDD,2586.0973,24.6666,3277.2467,3,6805.8821,2697.3589,1.0,0.0,False,201.4,1184.06,315.732,0.0,3,False,True,8
xl_n150_m8_f8_c3_t0.7_r9,xlarge,150,8,8,3,0.7,9,0,CPM,1758.0997,0.0,3147.6,7,62818.0231,12.9707,0.0,0.0,True,120.1,1363.86,0.0,75.283,10000,False,True,9
xl_n150_m8_f8_c3_t0.7_r9,xlarge,150,8,8,3,0.7,9,0,CPM-blind,1873.1664,0.0,3287.3,7,59207.6398,107.8832,1.0,0.0,True,120.1,1459.67,0.0,71.586,9000,False,True,9
xl_n150_m8_f8_c3_t0.7_r9,xlarge,150,8,8,3,0.7,9,0,ALNS,1850.2498,1.1666,2596.0497,12,58104.7998,166.5354,1.0,0.0,False,120.1,1440.59,14.932,32.97,10000,False,True,9
xl_n150_m8_f8_c3_t0.7_r9,xlarge,150,8,8,3,0.7,9,0,NSGA-II,1968.1829,0.25,2516.45,7,56273.1785,186.7754,0.8571,0.0,False,120.1,1538.79,3.2,2.995,10000,False,True,9
xl_n150_m8_f8_c3_t0.7_r9,xlarge,150,8,8,3,0.7,9,0,LPT+EDD,2573.5139,23.5,3461.9673,3,7539.7559,2434.5865,1.0,0.0,False,120.1,2042.81,300.8,0.0,3,False,True,9
xl_n150_m12_f8_c3_t0.3_r0,xlarge,150,12,8,3,0.3,0,-4,CPM,198.6501,0.0,352.7,3,8408.2376,0.0,0.0,0.0,True,0.0,nan,0.0,11.5,9000,False,True,0
xl_n150_m12_f8_c3_t0.3_r0,xlarge,150,12,8,3,0.3,0,-4,CPM-blind,295.4168,0.0,477.2,3,5893.5201,64.8801,1.0,0.0,True,0.0,nan,0.0,10.092,8000,False,True,0
xl_n150_m12_f8_c3_t0.3_r0,xlarge,150,12,8,3,0.3,0,-4,ALNS,277.7495,0.25,353.4,14,6306.434,64.9748,1.0,0.0,False,0.0,nan,3.2,15.219,10000,False,True,0
xl_n150_m12_f8_c3_t0.3_r0,xlarge,150,12,8,3,0.3,0,-4,NSGA-II,326.6829,0.25,415.6,5,5052.3235,106.4614,1.0,0.0,False,0.0,nan,3.2,3.286,10000,False,True,0
xl_n150_m12_f8_c3_t0.3_r0,xlarge,150,12,8,3,0.3,0,-4,LPT+EDD,411.9483,23.4163,411.9483,1,278.2767,2316.8604,1.0,0.0,False,0.0,nan,299.729,0.0,3,False,True,0
xl_n150_m12_f8_c3_t0.3_r1,xlarge,150,12,8,3,0.3,1,-4,CPM,274.9499,0.0,1165.0,6,33018.9612,81.9883,0.1667,0.0,True,0.0,nan,0.0,39.124,10000,False,True,1
xl_n150_m12_f8_c3_t0.3_r1,xlarge,150,12,8,3,0.3,1,-4,CPM-blind,316.2,0.0,1192.4,6,31700.3375,107.4126,1.0,0.0,True,0.0,nan,0.0,30.061,8000,False,True,1
xl_n150_m12_f8_c3_t0.3_r1,xlarge,150,12,8,3,0.3,1,-4,ALNS,327.0834,0.6667,748.4,11,30998.7086,97.7297,1.0,0.0,False,0.0,nan,8.534,22.353,10000,False,True,1
xl_n150_m12_f8_c3_t0.3_r1,xlarge,150,12,8,3,0.3,1,-4,NSGA-II,410.6833,0.0,982.5,7,28853.1456,62.4814,0.5714,0.0,True,0.0,nan,0.0,3.479,10000,False,True,1
xl_n150_m12_f8_c3_t0.3_r1,xlarge,150,12,8,3,0.3,1,-4,LPT+EDD,512.0143,29.2494,512.0143,1,2421.8447,2859.3618,1.0,0.0,False,0.0,nan,374.392,0.0,3,False,True,1
xl_n150_m12_f8_c3_t0.3_r2,xlarge,150,12,8,3,0.3,2,-4,CPM,225.4832,0.0,685.6,4,16835.9208,9.5677,0.0,0.0,True,0.0,nan,0.0,21.833,10000,False,True,2
xl_n150_m12_f8_c3_t0.3_r2,xlarge,150,12,8,3,0.3,2,-4,CPM-blind,335.7665,0.0,795.0,5,13936.145,84.6,1.0,0.0,True,0.0,nan,0.0,20.442,9000,False,True,2
xl_n150_m12_f8_c3_t0.3_r2,xlarge,150,12,8,3,0.3,2,-4,ALNS,331.633,0.25,734.35,16,13986.6209,60.2688,0.9375,0.0,False,0.0,nan,3.2,20.598,10000,False,True,2
xl_n150_m12_f8_c3_t0.3_r2,xlarge,150,12,8,3,0.3,2,-4,NSGA-II,410.1499,0.25,678.2,6,11996.5334,87.4878,1.0,0.0,False,0.0,nan,3.2,3.408,10000,False,True,2
xl_n150_m12_f8_c3_t0.3_r2,xlarge,150,12,8,3,0.3,2,-4,LPT+EDD,488.0981,23.833,488.0981,1,962.0351,2331.6037,1.0,0.0,False,0.0,nan,305.062,0.0,3,False,True,2
xl_n150_m12_f8_c3_t0.3_r3,xlarge,150,12,8,3,0.3,3,-4,CPM,201.9333,0.0,453.6,4,12690.2784,0.0,0.0,0.0,True,0.0,nan,0.0,18.04,10000,False,True,3
xl_n150_m12_f8_c3_t0.3_r3,xlarge,150,12,8,3,0.3,3,-4,CPM-blind,311.6333,0.0,570.3,4,9400.8668,105.9564,1.0,0.0,True,0.0,nan,0.0,13.288,8000,False,True,3
xl_n150_m12_f8_c3_t0.3_r3,xlarge,150,12,8,3,0.3,3,-4,ALNS,309.1666,0.25,355.85,9,9458.2323,103.96,1.0,0.0,False,0.0,nan,3.2,19.511,10000,False,True,3
xl_n150_m12_f8_c3_t0.3_r3,xlarge,150,12,8,3,0.3,3,-4,NSGA-II,355.1831,0.25,384.65,3,8106.2094,130.1635,1.0,0.0,False,0.0,nan,3.2,3.428,10000,False,True,3
xl_n150_m12_f8_c3_t0.3_r3,xlarge,150,12,8,3,0.3,3,-4,LPT+EDD,482.7469,27.1661,482.7469,1,410.0508,2659.975,1.0,0.0,False,0.0,nan,347.726,0.016,3,False,True,3
xl_n150_m12_f8_c3_t0.3_r4,xlarge,150,12,8,3,0.3,4,-4,CPM,195.8669,0.0,467.6,5,12178.5829,0.0,0.0,0.0,True,0.0,nan,0.0,27.001,10000,False,True,4
xl_n150_m12_f8_c3_t0.3_r4,xlarge,150,12,8,3,0.3,4,-4,CPM-blind,277.1169,0.0,561.2,5,9805.8992,86.7,1.0,0.0,True,0.0,nan,0.0,24.414,9000,False,True,4
xl_n150_m12_f8_c3_t0.3_r4,xlarge,150,12,8,3,0.3,4,-4,ALNS,265.6666,0.25,316.85,14,10093.5428,98.1697,1.0,0.0,False,0.0,nan,3.2,29.547,10000,False,True,4
xl_n150_m12_f8_c3_t0.3_r4,xlarge,150,12,8,3,0.3,4,-4,NSGA-II,328.9665,0.25,346.6,3,8327.6523,129.61,1.0,0.0,False,0.0,nan,3.2,3.419,10000,False,True,4
xl_n150_m12_f8_c3_t0.3_r4,xlarge,150,12,8,3,0.3,4,-4,LPT+EDD,426.6991,26.3331,426.6991,1,523.7593,2557.4054,1.0,0.0,False,0.0,nan,337.064,0.002,3,False,True,4
xl_n150_m12_f8_c3_t0.3_r5,xlarge,150,12,8,3,0.3,5,-4,CPM,229.0499,0.0,462.7,5,17005.3278,6.6569,0.0,0.0,True,0.0,nan,0.0,26.333,10000,False,True,5
xl_n150_m12_f8_c3_t0.3_r5,xlarge,150,12,8,3,0.3,5,-4,CPM-blind,303.8832,0.0,548.4,4,14622.7788,76.4235,1.0,0.0,True,0.0,nan,0.0,20.892,8000,False,True,5
xl_n150_m12_f8_c3_t0.3_r5,xlarge,150,12,8,3,0.3,5,-4,ALNS,297.4333,0.25,518.3,8,14725.235,61.4132,1.0,0.0,False,0.0,nan,3.2,18.316,10000,False,True,5
xl_n150_m12_f8_c3_t0.3_r5,xlarge,150,12,8,3,0.3,5,-4,NSGA-II,353.7,0.25,431.55,3,13016.4717,81.7898,0.6667,0.0,False,0.0,nan,3.2,3.589,10000,False,True,5
xl_n150_m12_f8_c3_t0.3_r5,xlarge,150,12,8,3,0.3,5,-4,LPT+EDD,443.6665,28.0002,697.2164,2,1017.7246,2782.6516,1.0,0.0,False,0.0,nan,358.403,0.0,3,False,True,5
xl_n150_m12_f8_c3_t0.3_r6,xlarge,150,12,8,3,0.3,6,-4,CPM,201.1167,0.0,362.9,4,13650.0273,0.0,0.0,0.0,True,0.0,nan,0.0,15.637,10000,False,True,6
xl_n150_m12_f8_c3_t0.3_r6,xlarge,150,12,8,3,0.3,6,-4,CPM-blind,270.2167,0.0,452.1,4,11729.7058,65.9673,1.0,0.0,True,0.0,nan,0.0,11.996,8000,False,True,6
xl_n150_m12_f8_c3_t0.3_r6,xlarge,150,12,8,3,0.3,6,-4,ALNS,280.2999,0.25,351.95,10,11402.6736,63.3914,1.0,0.0,False,0.0,nan,3.2,19.182,10000,False,True,6
xl_n150_m12_f8_c3_t0.3_r6,xlarge,150,12,8,3,0.3,6,-4,NSGA-II,326.8163,0.0,514.6,6,10181.8919,98.6343,1.0,0.0,True,0.0,nan,0.0,3.436,10000,False,True,6
xl_n150_m12_f8_c3_t0.3_r6,xlarge,150,12,8,3,0.3,6,-4,LPT+EDD,405.8156,22.6668,634.1838,2,911.5086,2235.2311,1.0,0.0,False,0.0,nan,290.135,0.0,3,False,True,6
xl_n150_m12_f8_c3_t0.3_r7,xlarge,150,12,8,3,0.3,7,-4,CPM,252.8165,0.0,656.2,7,16166.2829,0.0,0.0,0.0,True,0.0,nan,0.0,28.204,10000,False,True,7
xl_n150_m12_f8_c3_t0.3_r7,xlarge,150,12,8,3,0.3,7,-4,CPM-blind,335.3998,0.0,751.8,7,14129.7545,67.1415,1.0,0.0,True,0.0,nan,0.0,21.321,8000,False,True,7
xl_n150_m12_f8_c3_t0.3_r7,xlarge,150,12,8,3,0.3,7,-4,ALNS,343.9329,0.9166,392.9999,9,13536.7481,134.5268,1.0,0.0,False,0.0,nan,11.732,15.415,10000,False,True,7
xl_n150_m12_f8_c3_t0.3_r7,xlarge,150,12,8,3,0.3,7,-4,NSGA-II,382.9332,0.0,831.6,6,12931.1749,97.4298,1.0,0.0,True,0.0,nan,0.0,3.426,10000,False,True,7
xl_n150_m12_f8_c3_t0.3_r7,xlarge,150,12,8,3,0.3,7,-4,LPT+EDD,480.7486,22.3331,480.7486,1,1015.0164,2175.0308,1.0,0.0,False,0.0,nan,285.864,0.0,3,False,True,7
xl_n150_m12_f8_c3_t0.3_r8,xlarge,150,12,8,3,0.3,8,-4,CPM,315.9166,0.0,1227.9,6,36466.5333,31.2584,0.0,0.0,True,0.0,nan,0.0,41.373,10000,False,True,8
xl_n150_m12_f8_c3_t0.3_r8,xlarge,150,12,8,3,0.3,8,-4,CPM-blind,384.2168,0.0,1321.7,6,34254.1107,74.8472,1.0,0.0,True,0.0,nan,0.0,36.959,9000,False,True,8
xl_n150_m12_f8_c3_t0.3_r8,xlarge,150,12,8,3,0.3,8,-4,ALNS,360.9001,1.25,448.1,16,33952.7243,217.5875,1.0,0.0,False,0.0,nan,16.0,23.222,10000,False,True,8
xl_n150_m12_f8_c3_t0.3_r8,xlarge,150,12,8,3,0.3,8,-4,NSGA-II,448.1501,0.25,693.05,10,32227.0656,149.8586,0.9,0.0,False,0.0,nan,3.2,3.678,10000,False,True,8
xl_n150_m12_f8_c3_t0.3_r8,xlarge,150,12,8,3,0.3,8,-4,LPT+EDD,625.3166,24.9999,1059.1136,2,4231.28,2498.7598,1.0,0.0,False,0.0,nan,319.999,0.002,3,False,True,8
xl_n150_m12_f8_c3_t0.3_r9,xlarge,150,12,8,3,0.3,9,-4,CPM,219.1501,0.0,390.7,4,9391.8854,0.0,0.0,0.0,True,0.0,nan,0.0,15.808,10000,False,True,9
xl_n150_m12_f8_c3_t0.3_r9,xlarge,150,12,8,3,0.3,9,-4,CPM-blind,303.5168,0.0,492.5,4,7236.1381,66.7445,1.0,0.0,True,0.0,nan,0.0,12.473,8000,False,True,9
xl_n150_m12_f8_c3_t0.3_r9,xlarge,150,12,8,3,0.3,9,-4,ALNS,292.5665,0.0,538.7,13,7496.5064,72.4304,1.0,0.0,True,0.0,nan,0.0,15.65,10000,False,True,9
xl_n150_m12_f8_c3_t0.3_r9,xlarge,150,12,8,3,0.3,9,-4,NSGA-II,357.2168,0.0,530.4,6,5934.2745,95.5328,1.0,0.0,True,0.0,nan,0.0,3.271,10000,False,True,9
xl_n150_m12_f8_c3_t0.3_r9,xlarge,150,12,8,3,0.3,9,-4,LPT+EDD,428.2493,22.9998,428.2493,1,396.7664,2241.0096,1.0,0.0,False,0.0,nan,294.397,0.0,3,False,True,9
xl_n150_m12_f8_c3_t0.5_r0,xlarge,150,12,8,3,0.5,0,-4,CPM,755.6165,0.0,1289.1,4,26815.19,34.336,0.0,0.0,True,0.0,nan,0.0,18.358,10000,False,True,0
xl_n150_m12_f8_c3_t0.5_r0,xlarge,150,12,8,3,0.5,0,-4,CPM-blind,888.7165,0.0,1436.1,4,22939.0283,106.0183,1.0,0.0,True,0.0,nan,0.0,14.229,8000,False,True,0
xl_n150_m12_f8_c3_t0.5_r0,xlarge,150,12,8,3,0.5,0,-4,ALNS,831.6497,0.75,1389.05,11,23851.4017,120.2173,1.0,0.0,False,0.0,nan,9.6,26.692,10000,False,True,0
xl_n150_m12_f8_c3_t0.5_r0,xlarge,150,12,8,3,0.5,0,-4,NSGA-II,930.6665,0.0,1531.8,7,21713.4509,120.5734,0.8571,0.0,True,0.0,nan,0.0,3.618,10000,False,True,0
xl_n150_m12_f8_c3_t0.5_r0,xlarge,150,12,8,3,0.5,0,-4,LPT+EDD,1121.8493,26.3332,1121.8493,1,1541.9497,2601.0642,1.0,0.0,False,0.0,nan,337.065,0.0,3,False,True,0
xl_n150_m12_f8_c3_t0.5_r1,xlarge,150,12,8,3,0.5,1,-4,CPM,585.2498,0.0,1216.1,5,24412.7586,25.9334,0.0,0.0,True,0.0,nan,0.0,34.309,10000,False,True,1
xl_n150_m12_f8_c3_t0.5_r1,xlarge,150,12,8,3,0.5,1,-4,CPM-blind,706.6165,0.0,1330.6,5,21010.2552,77.055,1.0,0.0,True,0.0,nan,0.0,31.077,9000,False,True,1
xl_n150_m12_f8_c3_t0.5_r1,xlarge,150,12,8,3,0.5,1,-4,ALNS,710.7662,0.25,904.45,9,20937.821,99.4705,0.7778,0.0,False,0.0,nan,3.2,19.018,10000,False,True,1
xl_n150_m12_f8_c3_t0.5_r1,xlarge,150,12,8,3,0.5,1,-4,NSGA-II,792.8165,0.5,961.7,5,18533.9354,155.4573,1.0,0.0,False,0.0,nan,6.4,3.401,10000,False,True,1
xl_n150_m12_f8_c3_t0.5_r1,xlarge,150,12,8,3,0.5,1,-4,LPT+EDD,1017.9785,24.5829,1332.2467,2,1296.5255,2472.0293,1.0,0.0,False,0.0,nan,314.661,0.0,3,False,True,1
xl_n150_m12_f8_c3_t0.5_r2,xlarge,150,12,8,3,0.5,2,-4,CPM,744.5496,0.0,1191.7,5,22470.6261,0.0,0.0,0.0,True,0.0,nan,0.0,33.565,10000,False,True,2
xl_n150_m12_f8_c3_t0.5_r2,xlarge,150,12,8,3,0.5,2,-4,CPM-blind,847.6494,0.0,1328.7,5,19191.7875,104.7494,1.0,0.0,True,0.0,nan,0.0,24.608,8000,False,True,2
xl_n150_m12_f8_c3_t0.5_r2,xlarge,150,12,8,3,0.5,2,-4,ALNS,832.95,0.5833,901.8665,10,19423.8377,136.8369,1.0,0.0,False,0.0,nan,7.466,17.387,10000,False,True,2
xl_n150_m12_f8_c3_t0.5_r2,xlarge,150,12,8,3,0.5,2,-4,NSGA-II,918.6836,0.25,1146.8,8,16904.9705,135.7175,1.0,0.0,False,0.0,nan,3.2,3.425,10000,False,True,2
xl_n150_m12_f8_c3_t0.5_r2,xlarge,150,12,8,3,0.5,2,-4,LPT+EDD,1086.3996,28.5832,1086.3996,1,1112.8324,2797.1649,1.0,0.0,False,0.0,nan,365.865,0.0,3,False,True,2
xl_n150_m12_f8_c3_t0.5_r3,xlarge,150,12,8,3,0.5,3,-4,CPM,578.9667,0.0,859.3,6,12577.2329,0.0,0.0,0.0,True,0.4,144641.67,0.0,17.229,9000,False,True,3
xl_n150_m12_f8_c3_t0.5_r3,xlarge,150,12,8,3,0.5,3,-4,CPM-blind,696.1667,0.0,987.0,6,9644.1658,83.4553,1.0,0.0,True,0.4,173941.67,0.0,14.784,8000,False,True,3
xl_n150_m12_f8_c3_t0.5_r3,xlarge,150,12,8,3,0.5,3,-4,ALNS,691.033,0.25,842.35,12,9726.651,81.0522,1.0,0.0,False,0.4,172658.25,3.2,15.575,10000,False,True,3
xl_n150_m12_f8_c3_t0.5_r3,xlarge,150,12,8,3,0.5,3,-4,NSGA-II,730.4333,0.25,823.05,5,8789.0725,95.746,1.0,0.0,False,0.4,182508.32,3.2,3.194,10000,False,True,3
xl_n150_m12_f8_c3_t0.5_r3,xlarge,150,12,8,3,0.5,3,-4,LPT+EDD,981.9141,22.6663,981.9141,1,247.9895,2230.643,1.0,0.0,False,0.4,245378.52,290.129,0.0,3,False,True,3
xl_n150_m12_f8_c3_t0.5_r4,xlarge,150,12,8,3,0.5,4,-4,CPM,763.1664,0.0,897.4,5,21405.3326,0.0,0.0,0.0,True,0.0,nan,0.0,16.027,10000,False,True,4
xl_n150_m12_f8_c3_t0.5_r4,xlarge,150,12,8,3,0.5,4,-4,CPM-blind,871.2331,0.0,1020.4,5,18211.6881,87.6655,1.0,0.0,True,0.0,nan,0.0,11.843,8000,False,True,4
xl_n150_m12_f8_c3_t0.5_r4,xlarge,150,12,8,3,0.5,4,-4,ALNS,854.7156,0.25,1049.25,19,18381.3628,135.9878,1.0,0.0,False,0.0,nan,3.2,23.207,10000,False,True,4
xl_n150_m12_f8_c3_t0.5_r4,xlarge,150,12,8,3,0.5,4,-4,NSGA-II,931.133,0.0,1138.3,8,16420.5423,150.2341,1.0,0.0,True,0.0,nan,0.0,3.465,10000,False,True,4
xl_n150_m12_f8_c3_t0.5_r4,xlarge,150,12,8,3,0.5,4,-4,LPT+EDD,1143.1997,26.2502,1356.9505,2,1026.5015,2613.7846,1.0,0.0,False,0.0,nan,336.003,0.0,3,False,True,4
xl_n150_m12_f8_c3_t0.5_r5,xlarge,150,12,8,3,0.5,5,-4,CPM,667.4332,0.0,903.0,7,16304.4614,0.0,0.0,0.0,True,0.0,nan,0.0,17.668,10000,False,True,5
xl_n150_m12_f8_c3_t0.5_r5,xlarge,150,12,8,3,0.5,5,-4,CPM-blind,764.7332,0.0,1023.4,6,13510.8112,75.6885,1.0,0.0,True,0.0,nan,0.0,13.509,8000,False,True,5
xl_n150_m12_f8_c3_t0.5_r5,xlarge,150,12,8,3,0.5,5,-4,ALNS,750.7828,0.25,991.55,23,13681.5527,109.6231,1.0,0.0,False,0.0,nan,3.2,18.275,10000,False,True,5
xl_n150_m12_f8_c3_t0.5_r5,xlarge,150,12,8,3,0.5,5,-4,NSGA-II,843.0998,0.25,984.85,7,11247.6023,136.5802,1.0,0.0,False,0.0,nan,3.2,3.332,10000,False,True,5
xl_n150_m12_f8_c3_t0.5_r5,xlarge,150,12,8,3,0.5,5,-4,LPT+EDD,1131.982,25.7497,1131.982,1,305.4768,2526.3428,1.0,0.0,False,0.0,nan,329.596,0.0,3,False,True,5
xl_n150_m12_f8_c3_t0.5_r6,xlarge,150,12,8,3,0.5,6,-4,CPM,470.0,0.0,1334.1,7,34770.6182,38.2591,0.0,0.0,True,0.8,58650.0,0.0,22.929,10000,False,True,6
xl_n150_m12_f8_c3_t0.5_r6,xlarge,150,12,8,3,0.5,6,-4,CPM-blind,603.8,0.0,1547.4,7,30878.0827,124.9571,1.0,0.0,True,0.8,75375.0,0.0,17.19,8000,False,True,6
xl_n150_m12_f8_c3_t0.5_r6,xlarge,150,12,8,3,0.5,6,-4,ALNS,588.3667,0.5,817.9,18,31189.1175,178.4706,1.0,0.0,False,0.8,73445.84,6.4,19.2,10000,False,True,6
xl_n150_m12_f8_c3_t0.5_r6,xlarge,150,12,8,3,0.5,6,-4,NSGA-II,664.7167,0.25,1028.05,6,29326.4098,152.0938,0.8333,0.0,False,0.8,82989.59,3.2,3.366,10000,False,True,6
xl_n150_m12_f8_c3_t0.5_r6,xlarge,150,12,8,3,0.5,6,-4,LPT+EDD,821.0989,24.7501,1010.8829,2,3181.5946,2425.7321,1.0,0.0,False,0.8,102537.36,316.801,0.002,3,False,True,6
xl_n150_m12_f8_c3_t0.5_r7,xlarge,150,12,8,3,0.5,7,-4,CPM,717.9164,0.0,1204.1,4,24249.8574,17.1458,0.0,0.0,True,0.0,nan,0.0,40.068,10000,False,True,7
xl_n150_m12_f8_c3_t0.5_r7,xlarge,150,12,8,3,0.5,7,-4,CPM-blind,819.1164,0.0,1294.4,4,21031.8137,109.0348,1.0,0.0,True,0.0,nan,0.0,33.201,8000,False,True,7
xl_n150_m12_f8_c3_t0.5_r7,xlarge,150,12,8,3,0.5,7,-4,ALNS,765.2999,0.5,885.1,16,22486.0001,197.8678,1.0,0.0,False,0.0,nan,6.4,24.692,10000,False,True,7
xl_n150_m12_f8_c3_t0.5_r7,xlarge,150,12,8,3,0.5,7,-4,NSGA-II,878.3834,0.25,1166.05,6,19173.3019,81.0517,0.6667,0.0,False,0.0,nan,3.2,3.674,10000,False,True,7
xl_n150_m12_f8_c3_t0.5_r7,xlarge,150,12,8,3,0.5,7,-4,LPT+EDD,1265.2679,24.0005,1352.4867,2,1325.1874,2385.1089,1.0,0.0,False,0.0,nan,307.206,0.0,3,False,True,7
xl_n150_m12_f8_c3_t0.5_r8,xlarge,150,12,8,3,0.5,8,-4,CPM,545.1666,0.0,587.5,4,13218.8708,0.0,0.0,0.0,True,2.5,21706.66,0.0,17.502,9000,False,True,8
xl_n150_m12_f8_c3_t0.5_r8,xlarge,150,12,8,3,0.5,8,-4,CPM-blind,670.2666,0.0,712.6,4,9984.0438,122.2147,1.0,0.0,True,2.5,26710.66,0.0,15.26,8000,False,True,8
xl_n150_m12_f8_c3_t0.5_r8,xlarge,150,12,8,3,0.5,8,-4,ALNS,663.7997,0.0,713.3,14,10142.3875,121.9998,1.0,0.0,True,2.5,26451.99,0.0,17.796,10000,False,True,8
xl_n150_m12_f8_c3_t0.5_r8,xlarge,150,12,8,3,0.5,8,-4,NSGA-II,720.9335,0.0,767.4,6,8666.8391,175.2736,1.0,0.0,True,2.5,28737.34,0.0,3.272,10000,False,True,8
xl_n150_m12_f8_c3_t0.5_r8,xlarge,150,12,8,3,0.5,8,-4,LPT+EDD,960.7315,23.4163,960.7315,1,237.0167,2287.4752,1.0,0.0,False,2.5,38329.26,299.729,0.002,3,False,True,8
xl_n150_m12_f8_c3_t0.5_r9,xlarge,150,12,8,3,0.5,9,-4,CPM,715.4,0.0,2620.6,5,62987.219,44.1287,0.2,0.0,True,0.6,119133.33,0.0,29.076,10000,False,True,9
xl_n150_m12_f8_c3_t0.5_r9,xlarge,150,12,8,3,0.5,9,-4,CPM-blind,813.0,0.0,2733.1,5,60228.604,73.8626,1.0,0.0,True,0.6,135400.0,0.0,22.562,8000,False,True,9
xl_n150_m12_f8_c3_t0.5_r9,xlarge,150,12,8,3,0.5,9,-4,ALNS,798.0335,0.25,1183.45,21,61359.9685,211.0723,0.8095,0.0,False,0.6,132905.58,3.2,23.851,10000,False,True,9
xl_n150_m12_f8_c3_t0.5_r9,xlarge,150,12,8,3,0.5,9,-4,NSGA-II,880.9665,0.5833,980.8833,7,58577.2667,291.0535,1.0,0.0,False,0.6,146727.75,7.466,3.553,10000,False,True,9
xl_n150_m12_f8_c3_t0.5_r9,xlarge,150,12,8,3,0.5,9,-4,LPT+EDD,1047.85,24.667,1421.7352,2,6513.7011,2477.1618,1.0,0.0,False,0.6,174541.67,315.738,0.0,3,False,True,9
xl_n150_m12_f8_c3_t0.7_r0,xlarge,150,12,8,3,0.7,0,-4,CPM,1529.6496,0.0,1707.6,4,47735.2654,0.0,0.0,0.0,True,85.8,1682.81,0.0,23.001,10000,False,True,0
xl_n150_m12_f8_c3_t0.7_r0,xlarge,150,12,8,3,0.7,0,-4,CPM-blind,1670.1996,0.0,1863.1,4,42841.9248,106.2831,1.0,0.0,True,85.8,1846.62,0.0,17.856,8000,False,True,0
xl_n150_m12_f8_c3_t0.7_r0,xlarge,150,12,8,3,0.7,0,-4,ALNS,1568.7671,0.9166,1763.0495,14,45004.3973,118.3043,1.0,0.0,False,85.8,1728.4,11.732,20.683,10000,False,True,0
xl_n150_m12_f8_c3_t0.7_r0,xlarge,150,12,8,3,0.7,0,-4,NSGA-II,1716.8667,0.0,1935.6,6,41187.6255,156.1649,1.0,0.0,True,85.8,1901.01,0.0,3.39,10000,False,True,0
xl_n150_m12_f8_c3_t0.7_r0,xlarge,150,12,8,3,0.7,0,-4,LPT+EDD,2169.4478,29.0,2640.3311,2,3054.2095,3037.8792,1.0,0.0,False,85.8,2428.49,371.2,0.002,3,False,True,0
xl_n150_m12_f8_c3_t0.7_r1,xlarge,150,12,8,3,0.7,1,-4,CPM,1341.95,0.0,1979.6,3,27024.7595,19.2181,0.0,0.0,True,183.8,630.11,0.0,22.77,10000,False,True,1
xl_n150_m12_f8_c3_t0.7_r1,xlarge,150,12,8,3,0.7,1,-4,CPM-blind,1465.75,0.0,2108.0,3,23558.0262,134.043,1.0,0.0,True,183.8,697.47,0.0,19.358,8000,False,True,1
xl_n150_m12_f8_c3_t0.7_r1,xlarge,150,12,8,3,0.7,1,-4,ALNS,1389.2996,0.75,1468.95,14,25271.0556,286.0882,1.0,0.0,False,183.8,655.88,9.6,19.652,10000,False,True,1
xl_n150_m12_f8_c3_t0.7_r1,xlarge,150,12,8,3,0.7,1,-4,NSGA-II,1450.9666,0.25,1934.35,10,23915.0553,34.6418,0.7,0.0,False,183.8,689.43,3.2,3.39,10000,False,True,1
xl_n150_m12_f8_c3_t0.7_r1,xlarge,150,12,8,3,0.7,1,-4,LPT+EDD,1850.9493,22.0833,2109.165,2,1926.6901,2213.6264,1.0,0.0,False,183.8,907.05,282.666,0.0,3,False,True,1
xl_n150_m12_f8_c3_t0.7_r2,xlarge,150,12,8,3,0.7,2,-4,CPM,1472.4335,0.0,1999.5,7,23497.3001,15.7809,0.1429,0.0,True,202.8,626.05,0.0,27.76,10000,False,True,2
xl_n150_m12_f8_c3_t0.7_r2,xlarge,150,12,8,3,0.7,2,-4,CPM-blind,1557.4169,0.0,2117.3,6,21099.0666,76.6718,1.0,0.0,True,202.8,667.96,0.0,22.189,9000,False,True,2
xl_n150_m12_f8_c3_t0.7_r2,xlarge,150,12,8,3,0.7,2,-4,ALNS,1503.8668,1.4166,1752.4666,21,21657.7732,133.7462,1.0,0.0,False,202.8,641.55,18.132,22.887,10000,False,True,2
xl_n150_m12_f8_c3_t0.7_r2,xlarge,150,12,8,3,0.7,2,-4,NSGA-II,1665.1498,0.25,1923.25,9,18259.1007,102.0425,0.7778,0.0,False,202.8,721.08,3.2,3.52,10000,False,True,2
xl_n150_m12_f8_c3_t0.7_r2,xlarge,150,12,8,3,0.7,2,-4,LPT+EDD,1964.2012,25.2502,1964.2012,1,960.3079,2464.9547,1.0,0.0,False,202.8,868.54,323.203,0.0,3,False,True,2
xl_n150_m12_f8_c3_t0.7_r3,xlarge,150,12,8,3,0.7,3,-4,CPM,1268.9332,0.0,1591.9,5,33619.9983,7.3529,0.0,0.0,True,169.7,647.75,0.0,23.809,10000,False,True,3
xl_n150_m12_f8_c3_t0.7_r3,xlarge,150,12,8,3,0.7,3,-4,CPM-blind,1365.7332,0.0,1725.7,6,31080.783,81.0315,1.0,0.0,True,169.7,704.79,0.0,20.76,9000,False,True,3
xl_n150_m12_f8_c3_t0.7_r3,xlarge,150,12,8,3,0.7,3,-4,ALNS,1367.7666,0.5,1554.9,14,30518.1369,82.7732,1.0,0.0,False,169.7,705.99,6.4,17.874,10000,False,True,3
xl_n150_m12_f8_c3_t0.7_r3,xlarge,150,12,8,3,0.7,3,-4,NSGA-II,1458.2665,0.0,1772.1,7,28760.9041,113.3162,0.8571,0.0,True,169.7,759.32,0.0,3.387,10000,False,True,3
xl_n150_m12_f8_c3_t0.7_r3,xlarge,150,12,8,3,0.7,3,-4,LPT+EDD,1841.581,21.3333,2339.8983,3,2348.8687,2283.2229,1.0,0.0,False,169.7,985.2,273.066,0.002,3,False,True,3
xl_n150_m12_f8_c3_t0.7_r4,xlarge,150,12,8,3,0.7,4,-4,CPM,1349.5667,0.0,1787.3,4,21984.1921,9.9738,0.0,0.0,True,153.3,780.34,0.0,20.968,10000,False,True,4
xl_n150_m12_f8_c3_t0.7_r4,xlarge,150,12,8,3,0.7,4,-4,CPM-blind,1487.8667,0.0,1955.4,4,18130.6694,91.8294,1.0,0.0,True,153.3,870.56,0.0,15.23,8000,False,True,4
xl_n150_m12_f8_c3_t0.7_r4,xlarge,150,12,8,3,0.7,4,-4,ALNS,1390.7841,0.25,1744.15,26,20441.0135,82.0934,0.9615,0.0,False,153.3,807.23,3.2,22.916,10000,False,True,4
xl_n150_m12_f8_c3_t0.7_r4,xlarge,150,12,8,3,0.7,4,-4,NSGA-II,1537.2002,0.25,1803.05,11,16775.2775,101.6623,1.0,0.0,False,153.3,902.74,3.2,3.46,10000,False,True,4
xl_n150_m12_f8_c3_t0.7_r4,xlarge,150,12,8,3,0.7,4,-4,LPT+EDD,1923.118,25.0836,1923.118,1,596.8502,2490.6577,1.0,0.0,False,153.3,1154.48,321.07,0.0,3,False,True,4
xl_n150_m12_f8_c3_t0.7_r5,xlarge,150,12,8,3,0.7,5,-4,CPM,1402.1667,0.0,1775.8,5,48191.6902,34.3676,0.0,0.0,True,101.1,1286.91,0.0,22.873,10000,False,True,5
xl_n150_m12_f8_c3_t0.7_r5,xlarge,150,12,8,3,0.7,5,-4,CPM-blind,1519.2667,0.0,1889.6,5,44348.4693,81.1687,1.0,0.0,True,101.1,1402.74,0.0,17.752,8000,False,True,5
xl_n150_m12_f8_c3_t0.7_r5,xlarge,150,12,8,3,0.7,5,-4,ALNS,1423.7164,0.8333,1806.8166,16,46172.8781,105.2833,1.0,0.0,False,101.1,1308.23,10.666,22.365,10000,False,True,5
xl_n150_m12_f8_c3_t0.7_r5,xlarge,150,12,8,3,0.7,5,-4,NSGA-II,1542.1168,0.0,2063.9,10,43599.7532,84.2109,0.8,0.0,True,101.1,1425.34,0.0,3.401,10000,False,True,5
xl_n150_m12_f8_c3_t0.7_r5,xlarge,150,12,8,3,0.7,5,-4,LPT+EDD,2004.8637,28.6662,2613.9468,2,2964.0028,2958.5689,1.0,0.0,False,101.1,1883.05,366.927,0.0,3,False,True,5
xl_n150_m12_f8_c3_t0.7_r6,xlarge,150,12,8,3,0.7,6,-4,CPM,1430.5999,0.0,1802.3,8,26265.2227,10.2631,0.125,0.0,True,103.9,1276.9,0.0,34.508,10000,False,True,6
xl_n150_m12_f8_c3_t0.7_r6,xlarge,150,12,8,3,0.7,6,-4,CPM-blind,1567.6166,0.0,1937.3,8,22311.1889,105.4702,1.0,0.0,True,103.9,1408.77,0.0,26.516,8000,False,True,6
xl_n150_m12_f8_c3_t0.7_r6,xlarge,150,12,8,3,0.7,6,-4,ALNS,1522.7329,0.25,1748.65,22,23308.7898,100.4106,0.9545,0.0,False,103.9,1365.58,3.2,20.58,10000,False,True,6
xl_n150_m12_f8_c3_t0.7_r6,xlarge,150,12,8,3,0.7,6,-4,NSGA-II,1627.9833,0.0,1967.5,9,20663.5043,125.6443,0.8889,0.0,True,103.9,1466.88,0.0,3.41,10000,False,True,6
xl_n150_m12_f8_c3_t0.7_r6,xlarge,150,12,8,3,0.7,6,-4,LPT+EDD,2136.8799,26.0828,2136.8799,1,581.4352,2587.2318,1.0,0.0,False,103.9,1956.67,333.86,0.002,3,False,True,6
xl_n150_m12_f8_c3_t0.7_r7,xlarge,150,12,8,3,0.7,7,-4,CPM,1326.5502,0.0,1669.2,7,21673.3122,12.6,0.1429,0.0,True,121.6,990.91,0.0,18.675,10000,False,True,7
xl_n150_m12_f8_c3_t0.7_r7,xlarge,150,12,8,3,0.7,7,-4,CPM-blind,1427.1333,0.0,1783.5,6,19131.5006,84.7735,1.0,0.0,True,121.6,1073.63,0.0,13.832,8000,False,True,7
xl_n150_m12_f8_c3_t0.7_r7,xlarge,150,12,8,3,0.7,7,-4,ALNS,1380.5333,0.3333,1678.2333,16,19879.4212,79.1474,1.0,0.0,False,121.6,1035.31,4.266,19.833,10000,False,True,7
xl_n150_m12_f8_c3_t0.7_r7,xlarge,150,12,8,3,0.7,7,-4,NSGA-II,1426.4995,0.0,1995.5,14,19077.7984,88.3608,0.9286,0.0,True,121.6,1073.11,0.0,3.361,10000,False,True,7
xl_n150_m12_f8_c3_t0.7_r7,xlarge,150,12,8,3,0.7,7,-4,LPT+EDD,1665.5319,22.7497,1665.5319,1,1259.9646,2218.7907,1.0,0.0,False,121.6,1269.68,291.196,0.0,3,False,True,7
xl_n150_m12_f8_c3_t0.7_r8,xlarge,150,12,8,3,0.7,8,-4,CPM,1397.1835,0.0,1455.5,5,37633.984,0.0,0.0,0.0,True,159.5,775.98,0.0,15.618,10000,False,True,8
xl_n150_m12_f8_c3_t0.7_r8,xlarge,150,12,8,3,0.7,8,-4,CPM-blind,1550.7835,0.0,1647.3,6,33232.3023,140.0823,1.0,0.0,True,159.5,872.28,0.0,13.684,9000,False,True,8
xl_n150_m12_f8_c3_t0.7_r8,xlarge,150,12,8,3,0.7,8,-4,ALNS,1443.6164,0.9167,2470.1667,16,34628.9486,187.6753,1.0,0.0,False,159.5,805.09,11.734,18.048,10000,False,True,8
xl_n150_m12_f8_c3_t0.7_r8,xlarge,150,12,8,3,0.7,8,-4,NSGA-II,1575.7162,0.0,1735.7,17,32381.0628,219.5469,1.0,0.0,True,159.5,887.91,0.0,3.32,10000,False,True,8
xl_n150_m12_f8_c3_t0.7_r8,xlarge,150,12,8,3,0.7,8,-4,LPT+EDD,1872.8323,25.8334,1872.8323,1,2268.3643,2571.0036,1.0,0.0,False,159.5,1074.19,330.668,0.0,3,False,True,8
xl_n150_m12_f8_c3_t0.7_r9,xlarge,150,12,8,3,0.7,9,-4,CPM,1284.0165,0.0,1659.6,5,16033.3542,17.0745,0.0,0.0,True,299.2,329.15,0.0,17.216,10000,False,True,9
xl_n150_m12_f8_c3_t0.7_r9,xlarge,150,12,8,3,0.7,9,-4,CPM-blind,1382.9165,0.0,1772.4,5,13611.8284,88.7516,1.0,0.0,True,299.2,362.2,0.0,14.991,9000,False,True,9
xl_n150_m12_f8_c3_t0.7_r9,xlarge,150,12,8,3,0.7,9,-4,ALNS,1309.7335,1.0,1643.3,18,14733.3337,102.9577,1.0,0.0,False,299.2,337.75,12.8,19.847,10000,False,True,9
xl_n150_m12_f8_c3_t0.7_r9,xlarge,150,12,8,3,0.7,9,-4,NSGA-II,1431.9501,0.25,1560.25,12,12381.975,113.7992,0.9167,0.0,False,299.2,378.59,3.2,3.484,10000,False,True,9
xl_n150_m12_f8_c3_t0.7_r9,xlarge,150,12,8,3,0.7,9,-4,LPT+EDD,1717.0179,22.0834,1717.0179,1,539.2792,2154.0825,1.0,0.0,False,299.2,473.87,282.668,0.001,3,False,True,9
