instance,n,machines,families,customers,tau,replication,excess,p1_z2_bound,cpsat_z2_min,cpsat_z2_status,p1_confirmed,cpsat_z1_min,cpsat_z1_status,cpsat_z1_optimal,cpsat_seconds,cpm_z1_min,cpm_z2_min,cpm_seconds,cpm_evaluations,cpm_distance_pct,cpm_beat_cpsat,z1_lower_bound,cpsat_feasible,cpm_feasible
ve_n12_m1_f2_c2_t0.3_r0,12,1,2,2,0.3,0,1,0.25,0.25,OPTIMAL,True,19.7499,OPTIMAL,True,2.78,31.25,0.25,0.001,4,58.23,False,0.0,True,True
ve_n12_m1_f2_c2_t0.3_r1,12,1,2,2,0.3,1,1,0.25,0.25,OPTIMAL,True,9.8833,OPTIMAL,True,2.25,18.4,0.25,0.0,6,86.17,False,0.0,True,True
ve_n12_m1_f2_c2_t0.3_r2,12,1,2,2,0.3,2,1,0.25,0.25,OPTIMAL,True,8.8999,OPTIMAL,True,1.86,15.5,0.25,0.0,4,74.16,False,0.0,True,True
ve_n12_m1_f2_c2_t0.3_r3,12,1,2,2,0.3,3,1,0.25,0.25,OPTIMAL,True,7.0333,OPTIMAL,True,2.13,10.4,0.25,0.001,6,47.87,False,0.0,True,True
ve_n12_m1_f2_c2_t0.3_r4,12,1,2,2,0.3,4,1,0.25,0.25,OPTIMAL,True,43.2665,FEASIBLE,False,11.37,74.1,0.25,0.001,6,71.26,False,0.0,True,True
ve_n12_m1_f2_c2_t0.5_r0,12,1,2,2,0.5,0,1,0.25,0.25,OPTIMAL,True,57.0331,FEASIBLE,False,11.7,73.15,0.25,0.001,4,28.26,False,9.0,True,True
ve_n12_m1_f2_c2_t0.5_r1,12,1,2,2,0.5,1,1,0.25,0.25,OPTIMAL,True,28.9998,OPTIMAL,True,3.17,46.2,0.25,0.008,4,59.31,False,0.8,True,True
ve_n12_m1_f2_c2_t0.5_r2,12,1,2,2,0.5,2,1,0.25,0.25,OPTIMAL,True,39.8998,FEASIBLE,False,11.2,42.1,0.25,0.0,4,5.51,False,2.0,True,True
ve_n12_m1_f2_c2_t0.5_r3,12,1,2,2,0.5,3,1,0.25,0.25,OPTIMAL,True,37.7497,FEASIBLE,False,11.71,52.65,0.25,0.009,4,39.47,False,1.5,True,True
ve_n12_m1_f2_c2_t0.5_r4,12,1,2,2,0.5,4,1,0.25,0.25,OPTIMAL,True,33.3665,OPTIMAL,True,2.49,38.4,0.25,0.0,4,15.09,False,4.6,True,True
ve_n12_m1_f2_c2_t0.7_r0,12,1,2,2,0.7,0,1,0.25,0.25,OPTIMAL,True,54.5998,OPTIMAL,True,1.19,72.1,0.25,0.0,4,32.05,False,19.2,True,True
ve_n12_m1_f2_c2_t0.7_r1,12,1,2,2,0.7,1,1,0.25,0.25,OPTIMAL,True,101.6832,OPTIMAL,True,6.43,144.65,0.25,0.0,4,42.26,False,57.6,True,True
ve_n12_m1_f2_c2_t0.7_r2,12,1,2,2,0.7,2,1,0.25,0.25,OPTIMAL,True,95.4664,FEASIBLE,False,10.19,116.0,0.25,0.0,4,21.51,False,46.9,True,True
ve_n12_m1_f2_c2_t0.7_r3,12,1,2,2,0.7,3,1,0.25,0.25,OPTIMAL,True,82.8333,FEASIBLE,False,11.14,97.55,0.25,0.0,6,17.77,False,18.1,True,True
ve_n12_m1_f2_c2_t0.7_r4,12,1,2,2,0.7,4,1,0.25,0.25,OPTIMAL,True,75.3333,OPTIMAL,True,3.64,81.25,0.25,0.0,4,7.85,False,22.7,True,True
ve_n12_m2_f2_c2_t0.3_r0,12,2,2,2,0.3,0,0,0.0,0.0,OPTIMAL,True,14.45,FEASIBLE,False,10.79,14.45,0.0,0.004,22,0.0,False,0.0,True,True
ve_n12_m2_f2_c2_t0.3_r1,12,2,2,2,0.3,1,0,0.0,0.0,OPTIMAL,True,5.3,OPTIMAL,True,1.87,5.6,0.0,0.001,22,5.66,False,0.9,True,True
ve_n12_m2_f2_c2_t0.3_r2,12,2,2,2,0.3,2,0,0.0,0.0,OPTIMAL,True,7.7,OPTIMAL,True,1.6,9.5,0.0,0.001,22,23.38,False,0.0,True,True
ve_n12_m2_f2_c2_t0.3_r3,12,2,2,2,0.3,3,0,0.0,0.0,OPTIMAL,True,7.5833,OPTIMAL,True,1.65,9.3,0.0,0.0,26,22.64,False,1.7,True,True
ve_n12_m2_f2_c2_t0.3_r4,12,2,2,2,0.3,4,0,0.0,0.0,OPTIMAL,True,4.85,OPTIMAL,True,1.87,4.85,0.0,0.002,22,0.0,False,0.0,True,True
ve_n12_m2_f2_c2_t0.5_r0,12,2,2,2,0.5,0,0,0.0,0.0,OPTIMAL,True,33.0333,FEASIBLE,False,9.83,40.0,0.0,0.003,39,21.09,False,11.5,True,True
ve_n12_m2_f2_c2_t0.5_r1,12,2,2,2,0.5,1,0,0.0,0.0,OPTIMAL,True,19.6,OPTIMAL,True,1.32,19.6,0.0,0.002,22,0.0,False,4.8,True,True
ve_n12_m2_f2_c2_t0.5_r2,12,2,2,2,0.5,2,0,0.0,0.0,OPTIMAL,True,37.4,FEASIBLE,False,9.85,38.6,0.0,0.008,26,3.21,False,2.2,True,True
ve_n12_m2_f2_c2_t0.5_r3,12,2,2,2,0.5,3,0,0.0,0.0,OPTIMAL,True,30.55,FEASIBLE,False,9.93,30.55,0.0,0.003,33,0.0,False,12.3,True,True
ve_n12_m2_f2_c2_t0.5_r4,12,2,2,2,0.5,4,0,0.0,0.0,OPTIMAL,True,28.5999,FEASIBLE,False,10.0,31.5,0.0,0.001,26,10.14,False,5.6,True,True
ve_n12_m2_f2_c2_t0.7_r0,12,2,2,2,0.7,0,0,0.0,0.0,OPTIMAL,True,49.9333,FEASIBLE,False,9.3,52.1,0.0,0.003,26,4.34,False,21.8,True,True
ve_n12_m2_f2_c2_t0.7_r1,12,2,2,2,0.7,1,0,0.0,0.0,OPTIMAL,True,38.1833,OPTIMAL,True,2.31,41.1,0.0,0.0,22,7.64,False,20.9,True,True
ve_n12_m2_f2_c2_t0.7_r2,12,2,2,2,0.7,2,0,0.0,0.0,OPTIMAL,True,43.25,FEASIBLE,False,8.84,43.25,0.0,0.001,22,0.0,False,26.1,True,True
ve_n12_m2_f2_c2_t0.7_r3,12,2,2,2,0.7,3,0,0.0,0.0,OPTIMAL,True,48.9,OPTIMAL,True,4.34,48.9,0.0,0.0,22,0.0,False,32.4,True,True
ve_n12_m2_f2_c2_t0.7_r4,12,2,2,2,0.7,4,0,0.0,0.0,OPTIMAL,True,45.1,OPTIMAL,True,5.21,45.1,0.0,0.002,22,0.0,False,22.9,True,True
ve_n12_m3_f2_c2_t0.3_r0,12,3,2,2,0.3,0,-1,0.0,0.0,OPTIMAL,True,7.7333,OPTIMAL,True,0.37,8.0,0.0,0.004,80,3.45,False,0.8,True,True
ve_n12_m3_f2_c2_t0.3_r1,12,3,2,2,0.3,1,-1,0.0,0.0,OPTIMAL,True,8.2,FEASIBLE,False,10.03,9.1,0.0,0.009,70,10.98,False,0.0,True,True
ve_n12_m3_f2_c2_t0.3_r2,12,3,2,2,0.3,2,-1,0.0,0.0,OPTIMAL,True,4.85,OPTIMAL,True,1.75,4.85,0.0,0.005,80,0.0,False,0.0,True,True
ve_n12_m3_f2_c2_t0.3_r3,12,3,2,2,0.3,3,-1,0.0,0.0,OPTIMAL,True,13.55,OPTIMAL,True,1.88,13.55,0.0,0.006,76,0.0,False,2.0,True,True
ve_n12_m3_f2_c2_t0.3_r4,12,3,2,2,0.3,4,-1,0.0,0.0,OPTIMAL,True,11.65,FEASIBLE,False,9.32,11.65,0.0,0.007,60,0.0,False,1.9,True,True
ve_n12_m3_f2_c2_t0.5_r0,12,3,2,2,0.5,0,-1,0.0,0.0,OPTIMAL,True,35.5666,FEASIBLE,False,9.98,42.4,0.0,0.0,86,19.21,False,20.8,True,True
ve_n12_m3_f2_c2_t0.5_r1,12,3,2,2,0.5,1,-1,0.0,0.0,OPTIMAL,True,24.5333,FEASIBLE,False,8.83,27.2,0.0,0.01,152,10.87,False,4.0,True,True
ve_n12_m3_f2_c2_t0.5_r2,12,3,2,2,0.5,2,-1,0.0,0.0,OPTIMAL,True,20.4,FEASIBLE,False,9.24,20.4,0.0,0.001,76,0.0,False,3.4,True,True
ve_n12_m3_f2_c2_t0.5_r3,12,3,2,2,0.5,3,-1,0.0,0.0,OPTIMAL,True,33.1333,FEASIBLE,False,9.33,34.1,0.0,0.006,76,2.92,False,11.9,True,True
ve_n12_m3_f2_c2_t0.5_r4,12,3,2,2,0.5,4,-1,0.0,0.0,OPTIMAL,True,26.7,FEASIBLE,False,9.49,27.8,0.0,0.006,76,4.12,False,9.1,True,True
ve_n12_m3_f2_c2_t0.7_r0,12,3,2,2,0.7,0,-1,0.0,0.0,OPTIMAL,True,52.7,FEASIBLE,False,10.02,52.7,0.0,0.001,80,0.0,False,41.7,True,True
ve_n12_m3_f2_c2_t0.7_r1,12,3,2,2,0.7,1,-1,0.0,0.0,OPTIMAL,True,41.8,FEASIBLE,False,9.04,41.8,0.0,0.014,105,0.0,False,23.2,True,True
ve_n12_m3_f2_c2_t0.7_r2,12,3,2,2,0.7,2,-1,0.0,0.0,OPTIMAL,True,40.95,OPTIMAL,True,2.56,45.45,0.0,0.005,60,10.99,False,27.2,True,True
ve_n12_m3_f2_c2_t0.7_r3,12,3,2,2,0.7,3,-1,0.0,0.0,OPTIMAL,True,41.1333,FEASIBLE,False,9.38,43.8,0.0,0.004,76,6.48,False,19.3,True,True
ve_n12_m3_f2_c2_t0.7_r4,12,3,2,2,0.7,4,-1,0.0,0.0,OPTIMAL,True,44.6,FEASIBLE,False,11.36,44.6,0.0,0.007,86,0.0,False,28.1,True,True
ve_n16_m2_f3_c2_t0.3_r0,16,2,3,2,0.3,0,1,0.25,0.25,OPTIMAL,True,12.6334,FEASIBLE,False,9.91,16.2333,0.3333,0.007,38,28.5,False,0.0,True,True
ve_n16_m2_f3_c2_t0.3_r1,16,2,3,2,0.3,1,1,0.25,0.25,OPTIMAL,True,10.4167,FEASIBLE,False,9.91,11.7999,0.3333,0.008,69,13.28,False,0.0,True,True
ve_n16_m2_f3_c2_t0.3_r2,16,2,3,2,0.3,2,1,0.25,0.25,OPTIMAL,True,12.4167,FEASIBLE,False,9.31,22.7332,0.3333,0.004,52,83.09,False,0.8,True,True
ve_n16_m2_f3_c2_t0.3_r3,16,2,3,2,0.3,3,1,0.25,0.25,OPTIMAL,True,27.0833,FEASIBLE,False,10.6,31.2999,0.25,0.0,36,15.57,False,1.3,True,True
ve_n16_m2_f3_c2_t0.3_r4,16,2,3,2,0.3,4,1,0.25,0.25,OPTIMAL,True,11.7999,FEASIBLE,False,9.81,15.7666,0.25,0.004,36,33.62,False,0.0,True,True
ve_n16_m2_f3_c2_t0.5_r0,16,2,3,2,0.5,0,1,0.25,0.25,OPTIMAL,True,54.5332,FEASIBLE,False,9.76,54.5332,0.25,0.014,117,0.0,False,15.0,True,True
ve_n16_m2_f3_c2_t0.5_r1,16,2,3,2,0.5,1,1,0.25,0.25,OPTIMAL,True,53.9334,FEASIBLE,False,10.28,55.9664,0.25,0.007,66,3.77,False,4.7,True,True
ve_n16_m2_f3_c2_t0.5_r2,16,2,3,2,0.5,2,1,0.25,0.25,OPTIMAL,True,26.7499,FEASIBLE,False,11.16,28.1166,0.25,0.029,64,5.11,False,0.0,True,True
ve_n16_m2_f3_c2_t0.5_r3,16,2,3,2,0.5,3,1,0.25,0.25,OPTIMAL,True,30.0334,FEASIBLE,False,9.47,31.85,0.25,0.003,51,6.05,False,6.5,True,True
ve_n16_m2_f3_c2_t0.5_r4,16,2,3,2,0.5,4,1,0.25,0.25,OPTIMAL,True,42.1499,FEASIBLE,False,10.17,42.25,0.25,0.006,56,0.24,False,3.3,True,True
ve_n16_m2_f3_c2_t0.7_r0,16,2,3,2,0.7,0,1,0.25,0.25,OPTIMAL,True,77.6332,FEASIBLE,False,10.5,82.5499,0.25,0.0,66,6.33,False,27.5,True,True
ve_n16_m2_f3_c2_t0.7_r1,16,2,3,2,0.7,1,1,0.25,0.25,OPTIMAL,True,90.2666,FEASIBLE,False,9.69,103.3332,0.25,0.007,56,14.48,False,31.8,True,True
ve_n16_m2_f3_c2_t0.7_r2,16,2,3,2,0.7,2,1,0.25,0.25,OPTIMAL,True,70.05,FEASIBLE,False,9.89,74.25,0.25,0.005,34,6.0,False,29.6,True,True
ve_n16_m2_f3_c2_t0.7_r3,16,2,3,2,0.7,3,1,0.25,0.25,OPTIMAL,True,92.2834,FEASIBLE,False,9.97,96.6166,0.25,0.003,34,4.7,False,36.3,True,True
ve_n16_m2_f3_c2_t0.7_r4,16,2,3,2,0.7,4,1,0.25,0.25,OPTIMAL,True,76.25,FEASIBLE,False,10.84,76.25,0.25,0.007,42,0.0,False,32.6,True,True
ve_n16_m3_f3_c2_t0.3_r0,16,3,3,2,0.3,0,0,0.0,0.0,OPTIMAL,True,9.8333,FEASIBLE,False,10.63,11.6,0.0,0.032,323,17.97,False,0.2,True,True
ve_n16_m3_f3_c2_t0.3_r1,16,3,3,2,0.3,1,0,0.0,0.0,OPTIMAL,True,8.0667,FEASIBLE,False,9.25,9.6,0.0,0.033,345,19.01,False,0.3,True,True
ve_n16_m3_f3_c2_t0.3_r2,16,3,3,2,0.3,2,0,0.0,0.0,OPTIMAL,True,9.8167,FEASIBLE,False,9.19,10.7833,0.0,0.011,171,9.85,False,1.8,True,True
ve_n16_m3_f3_c2_t0.3_r3,16,3,3,2,0.3,3,0,0.0,0.0,OPTIMAL,True,19.8,FEASIBLE,False,10.35,19.8,0.0,0.025,179,0.0,False,2.3,True,True
ve_n16_m3_f3_c2_t0.3_r4,16,3,3,2,0.3,4,0,0.0,0.0,OPTIMAL,True,29.5,FEASIBLE,False,12.92,29.5,0.0,0.049,261,0.0,False,2.8,True,True
ve_n16_m3_f3_c2_t0.5_r0,16,3,3,2,0.5,0,0,0.0,0.0,OPTIMAL,True,37.3166,FEASIBLE,False,10.96,37.3166,0.0,0.023,114,0.0,False,7.3,True,True
ve_n16_m3_f3_c2_t0.5_r1,16,3,3,2,0.5,1,0,0.0,0.0,OPTIMAL,True,36.9002,FEASIBLE,False,9.69,45.6,0.0,0.021,120,23.58,False,5.1,True,True
ve_n16_m3_f3_c2_t0.5_r2,16,3,3,2,0.5,2,0,0.0,0.0,OPTIMAL,True,44.5333,FEASIBLE,False,10.23,51.6832,0.0,0.033,308,16.06,False,12.7,True,True
ve_n16_m3_f3_c2_t0.5_r3,16,3,3,2,0.5,3,0,0.0,0.0,OPTIMAL,True,36.4,FEASIBLE,False,10.21,37.5,0.0,0.025,186,3.02,False,8.3,True,True
ve_n16_m3_f3_c2_t0.5_r4,16,3,3,2,0.5,4,0,0.0,0.0,OPTIMAL,True,27.9333,FEASIBLE,False,10.02,31.6,0.0,0.02,211,13.13,False,2.6,True,True
ve_n16_m3_f3_c2_t0.7_r0,16,3,3,2,0.7,0,0,0.0,0.0,OPTIMAL,True,62.8833,FEASIBLE,False,9.13,62.8833,0.0,0.025,222,0.0,False,40.0,True,True
ve_n16_m3_f3_c2_t0.7_r1,16,3,3,2,0.7,1,0,0.0,0.0,OPTIMAL,True,81.7334,FEASIBLE,False,9.8,91.3999,0.0,0.028,198,11.83,False,40.9,True,True
ve_n16_m3_f3_c2_t0.7_r2,16,3,3,2,0.7,2,0,0.0,0.0,OPTIMAL,True,60.1499,FEASIBLE,False,9.5,65.5499,0.0,0.017,108,8.98,False,18.2,True,True
ve_n16_m3_f3_c2_t0.7_r3,16,3,3,2,0.7,3,0,0.0,0.0,OPTIMAL,True,68.1499,FEASIBLE,False,10.93,74.05,0.0,0.026,162,8.66,False,31.8,True,True
ve_n16_m3_f3_c2_t0.7_r4,16,3,3,2,0.7,4,0,0.0,0.0,OPTIMAL,True,82.3333,FEASIBLE,False,9.25,82.3333,0.0,0.045,205,0.0,False,34.9,True,True
ve_n16_m4_f3_c2_t0.3_r0,16,4,3,2,0.3,0,-1,0.0,0.0,OPTIMAL,True,19.4667,FEASIBLE,False,11.19,19.7333,0.0,0.065,372,1.37,False,0.0,True,True
ve_n16_m4_f3_c2_t0.3_r1,16,4,3,2,0.3,1,-1,0.0,0.0,OPTIMAL,True,17.5,FEASIBLE,False,10.29,17.8,0.0,0.053,466,1.71,False,1.5,True,True
ve_n16_m4_f3_c2_t0.3_r2,16,4,3,2,0.3,2,-1,0.0,0.0,OPTIMAL,True,13.6,OPTIMAL,True,3.38,13.6,0.0,0.017,310,0.0,False,4.0,True,True
ve_n16_m4_f3_c2_t0.3_r3,16,4,3,2,0.3,3,-1,0.0,0.0,OPTIMAL,True,16.4167,OPTIMAL,True,7.44,18.4,0.0,0.02,258,12.08,False,1.5,True,True
ve_n16_m4_f3_c2_t0.3_r4,16,4,3,2,0.3,4,-1,0.0,0.0,OPTIMAL,True,10.5,FEASIBLE,False,10.04,13.05,0.0,0.033,239,24.29,False,0.0,True,True
ve_n16_m4_f3_c2_t0.5_r0,16,4,3,2,0.5,0,-1,0.0,0.0,OPTIMAL,True,41.1167,FEASIBLE,False,11.69,47.95,0.0,0.036,214,16.62,False,13.9,True,True
ve_n16_m4_f3_c2_t0.5_r1,16,4,3,2,0.5,1,-1,0.0,0.0,OPTIMAL,True,41.7499,FEASIBLE,False,10.87,44.3499,0.0,0.087,321,6.23,False,3.9,True,True
ve_n16_m4_f3_c2_t0.5_r2,16,4,3,2,0.5,2,-1,0.0,0.0,OPTIMAL,True,38.9666,FEASIBLE,False,9.66,40.0499,0.0,0.044,462,2.78,False,17.6,True,True
ve_n16_m4_f3_c2_t0.5_r3,16,4,3,2,0.5,3,-1,0.0,0.0,OPTIMAL,True,25.2,FEASIBLE,False,11.01,26.65,0.0,0.029,216,5.75,False,5.0,True,True
ve_n16_m4_f3_c2_t0.5_r4,16,4,3,2,0.5,4,-1,0.0,0.0,OPTIMAL,True,56.3666,FEASIBLE,False,10.73,56.3666,0.0,0.12,354,0.0,False,7.9,True,True
ve_n16_m4_f3_c2_t0.7_r0,16,4,3,2,0.7,0,-1,0.0,0.0,OPTIMAL,True,62.7666,FEASIBLE,False,9.85,67.7666,0.0,0.02,172,7.97,False,40.1,True,True
ve_n16_m4_f3_c2_t0.7_r1,16,4,3,2,0.7,1,-1,0.0,0.0,OPTIMAL,True,60.55,FEASIBLE,False,10.97,65.05,0.0,0.035,280,7.43,False,39.8,True,True
ve_n16_m4_f3_c2_t0.7_r2,16,4,3,2,0.7,2,-1,0.0,0.0,OPTIMAL,True,50.95,OPTIMAL,True,2.85,60.95,0.0,0.021,162,19.63,False,33.7,True,True
ve_n16_m4_f3_c2_t0.7_r3,16,4,3,2,0.7,3,-1,0.0,0.0,OPTIMAL,True,72.4833,FEASIBLE,False,10.88,72.4833,0.0,0.096,516,0.0,False,37.4,True,True
ve_n16_m4_f3_c2_t0.7_r4,16,4,3,2,0.7,4,-1,0.0,0.0,OPTIMAL,True,63.6,FEASIBLE,False,10.54,65.6,0.0,0.035,418,3.14,False,34.1,True,True
ve_n20_m2_f3_c2_t0.3_r0,20,2,3,2,0.3,0,1,0.25,0.25,OPTIMAL,True,7.9,FEASIBLE,False,11.51,11.2166,0.25,0.007,54,41.98,False,0.0,True,True
ve_n20_m2_f3_c2_t0.3_r1,20,2,3,2,0.3,1,1,0.25,0.25,OPTIMAL,True,28.75,FEASIBLE,False,10.9,33.5499,0.3333,0.008,68,16.7,False,0.0,True,True
ve_n20_m2_f3_c2_t0.3_r2,20,2,3,2,0.3,2,1,0.25,0.25,OPTIMAL,True,19.7167,FEASIBLE,False,12.18,28.45,0.25,0.018,94,44.29,False,0.0,True,True
ve_n20_m2_f3_c2_t0.3_r3,20,2,3,2,0.3,3,1,0.25,0.25,OPTIMAL,True,35.6834,FEASIBLE,False,10.39,49.1332,0.25,0.002,54,37.69,False,0.0,True,True
ve_n20_m2_f3_c2_t0.3_r4,20,2,3,2,0.3,4,1,0.25,0.25,OPTIMAL,True,22.3666,FEASIBLE,False,11.34,26.0999,0.3333,0.003,36,16.69,False,2.9,True,True
ve_n20_m2_f3_c2_t0.5_r0,20,2,3,2,0.5,0,1,0.25,0.25,OPTIMAL,True,44.6667,FEASIBLE,False,10.74,54.6,0.25,0.006,64,22.24,False,6.8,True,True
ve_n20_m2_f3_c2_t0.5_r1,20,2,3,2,0.5,1,1,0.25,0.25,OPTIMAL,True,60.2833,FEASIBLE,False,10.48,59.95,0.3333,0.009,57,-0.55,True,7.0,True,True
ve_n20_m2_f3_c2_t0.5_r2,20,2,3,2,0.5,2,1,0.25,0.25,OPTIMAL,True,65.5167,FEASIBLE,False,10.18,67.8664,0.25,0.017,90,3.59,False,11.6,True,True
ve_n20_m2_f3_c2_t0.5_r3,20,2,3,2,0.5,3,1,0.25,0.25,OPTIMAL,True,44.1001,FEASIBLE,False,13.29,69.95,0.25,0.02,72,58.62,False,4.0,True,True
ve_n20_m2_f3_c2_t0.5_r4,20,2,3,2,0.5,4,1,0.25,0.25,OPTIMAL,True,71.5832,FEASIBLE,False,9.63,80.9998,0.3333,0.011,66,13.15,False,11.8,True,True
ve_n20_m2_f3_c2_t0.7_r0,20,2,3,2,0.7,0,1,0.25,0.25,OPTIMAL,True,94.5832,FEASIBLE,False,10.07,103.8999,0.25,0.004,34,9.85,False,23.1,True,True
ve_n20_m2_f3_c2_t0.7_r1,20,2,3,2,0.7,1,1,0.25,0.25,OPTIMAL,True,140.9499,FEASIBLE,False,10.59,144.7331,0.3333,0.008,52,2.68,False,51.1,True,True
ve_n20_m2_f3_c2_t0.7_r2,20,2,3,2,0.7,2,1,0.25,0.25,OPTIMAL,True,111.15,FEASIBLE,False,9.95,111.15,0.25,0.0,80,0.0,False,61.5,True,True
ve_n20_m2_f3_c2_t0.7_r3,20,2,3,2,0.7,3,1,0.25,0.25,OPTIMAL,True,138.6165,FEASIBLE,False,10.01,138.0331,0.3333,0.012,92,-0.42,True,57.9,True,True
ve_n20_m2_f3_c2_t0.7_r4,20,2,3,2,0.7,4,1,0.25,0.25,OPTIMAL,True,134.5997,FEASIBLE,False,10.21,134.65,0.25,0.016,54,0.04,False,53.4,True,True
ve_n20_m3_f3_c2_t0.3_r0,20,3,3,2,0.3,0,0,0.0,0.0,OPTIMAL,True,20.4834,FEASIBLE,False,10.71,21.8833,0.0,0.016,140,6.83,False,0.0,True,True
ve_n20_m3_f3_c2_t0.3_r1,20,3,3,2,0.3,1,0,0.0,0.0,OPTIMAL,True,31.2167,FEASIBLE,False,9.59,32.0333,0.0,0.079,224,2.62,False,0.0,True,True
ve_n20_m3_f3_c2_t0.3_r2,20,3,3,2,0.3,2,0,0.0,0.0,OPTIMAL,True,21.35,FEASIBLE,False,10.56,23.7833,0.0,0.047,264,11.4,False,2.2,True,True
ve_n20_m3_f3_c2_t0.3_r3,20,3,3,2,0.3,3,0,0.0,0.0,OPTIMAL,True,21.6999,FEASIBLE,False,10.48,22.1166,0.0,0.016,136,1.92,False,0.0,True,True
ve_n20_m3_f3_c2_t0.3_r4,20,3,3,2,0.3,4,0,0.0,0.0,OPTIMAL,True,10.8,FEASIBLE,False,9.67,11.45,0.0,0.032,168,6.02,False,0.0,True,True
ve_n20_m3_f3_c2_t0.5_r0,20,3,3,2,0.5,0,0,0.0,0.0,OPTIMAL,True,82.3001,FEASIBLE,False,10.83,90.5332,0.0,0.09,291,10.0,False,18.5,True,True
ve_n20_m3_f3_c2_t0.5_r1,20,3,3,2,0.5,1,0,0.0,0.0,OPTIMAL,True,82.4166,FEASIBLE,False,10.59,82.3499,0.0,0.042,171,-0.08,True,5.1,True,True
ve_n20_m3_f3_c2_t0.5_r2,20,3,3,2,0.5,2,0,0.0,0.0,OPTIMAL,True,41.6166,FEASIBLE,False,10.85,44.9166,0.0,0.031,193,7.93,False,5.9,True,True
ve_n20_m3_f3_c2_t0.5_r3,20,3,3,2,0.5,3,0,0.0,0.0,OPTIMAL,True,46.9668,FEASIBLE,False,11.3,49.85,0.0,0.059,274,6.14,False,10.8,True,True
ve_n20_m3_f3_c2_t0.5_r4,20,3,3,2,0.5,4,0,0.0,0.0,OPTIMAL,True,45.7832,FEASIBLE,False,10.17,49.3,0.0,0.098,437,7.68,False,4.4,True,True
ve_n20_m3_f3_c2_t0.7_r0,20,3,3,2,0.7,0,0,0.0,0.0,OPTIMAL,True,92.7832,FEASIBLE,False,10.41,92.7832,0.0,0.074,366,0.0,False,48.1,True,True
ve_n20_m3_f3_c2_t0.7_r1,20,3,3,2,0.7,1,0,0.0,0.0,OPTIMAL,True,64.5,FEASIBLE,False,10.27,68.5,0.0,0.06,356,6.2,False,29.1,True,True
ve_n20_m3_f3_c2_t0.7_r2,20,3,3,2,0.7,2,0,0.0,0.0,OPTIMAL,True,73.25,FEASIBLE,False,9.38,73.25,0.0,0.024,182,0.0,False,39.7,True,True
ve_n20_m3_f3_c2_t0.7_r3,20,3,3,2,0.7,3,0,0.0,0.0,OPTIMAL,True,76.2166,FEASIBLE,False,9.54,77.4333,0.0,0.032,210,1.6,False,27.0,True,True
ve_n20_m3_f3_c2_t0.7_r4,20,3,3,2,0.7,4,0,0.0,0.0,OPTIMAL,True,85.45,FEASIBLE,False,12.09,85.45,0.0,0.048,262,0.0,False,38.2,True,True
ve_n20_m4_f3_c2_t0.3_r0,20,4,3,2,0.3,0,-1,0.0,0.0,OPTIMAL,True,16.0166,FEASIBLE,False,14.23,16.0166,0.0,0.033,243,0.0,False,3.0,True,True
ve_n20_m4_f3_c2_t0.3_r1,20,4,3,2,0.3,1,-1,0.0,0.0,OPTIMAL,True,20.2834,FEASIBLE,False,11.76,20.3166,0.0,0.1,372,0.16,False,1.5,True,True
ve_n20_m4_f3_c2_t0.3_r2,20,4,3,2,0.3,2,-1,0.0,0.0,OPTIMAL,True,16.2167,FEASIBLE,False,13.52,18.35,0.0,0.174,617,13.15,False,1.6,True,True
ve_n20_m4_f3_c2_t0.3_r3,20,4,3,2,0.3,3,-1,0.0,0.0,OPTIMAL,True,16.7667,FEASIBLE,False,12.15,19.1,0.0,0.065,405,13.92,False,0.8,True,True
ve_n20_m4_f3_c2_t0.3_r4,20,4,3,2,0.3,4,-1,0.0,0.0,OPTIMAL,True,20.0334,FEASIBLE,False,10.4,21.8,0.0,0.089,457,8.82,False,1.9,True,True
ve_n20_m4_f3_c2_t0.5_r0,20,4,3,2,0.5,0,-1,0.0,0.0,OPTIMAL,True,33.7166,FEASIBLE,False,10.29,33.7166,0.0,0.084,423,0.0,False,7.6,True,True
ve_n20_m4_f3_c2_t0.5_r1,20,4,3,2,0.5,1,-1,0.0,0.0,OPTIMAL,True,37.5333,FEASIBLE,False,10.41,41.1166,0.0,0.067,272,9.55,False,3.6,True,True
ve_n20_m4_f3_c2_t0.5_r2,20,4,3,2,0.5,2,-1,0.0,0.0,OPTIMAL,True,30.0334,FEASIBLE,False,10.5,32.75,0.0,0.094,366,9.05,False,6.3,True,True
ve_n20_m4_f3_c2_t0.5_r3,20,4,3,2,0.5,3,-1,0.0,0.0,OPTIMAL,True,45.65,FEASIBLE,False,10.44,50.1666,0.0,0.144,719,9.89,False,9.8,True,True
ve_n20_m4_f3_c2_t0.5_r4,20,4,3,2,0.5,4,-1,0.0,0.0,OPTIMAL,True,53.9167,FEASIBLE,False,11.5,59.4,0.0,0.11,422,10.17,False,12.1,True,True
ve_n20_m4_f3_c2_t0.7_r0,20,4,3,2,0.7,0,-1,0.0,0.0,OPTIMAL,True,89.5333,FEASIBLE,False,11.42,98.1166,0.0,0.092,408,9.59,False,38.3,True,True
ve_n20_m4_f3_c2_t0.7_r1,20,4,3,2,0.7,1,-1,0.0,0.0,OPTIMAL,True,93.4,FEASIBLE,False,10.34,93.4,0.0,0.406,1047,0.0,False,60.3,True,True
ve_n20_m4_f3_c2_t0.7_r2,20,4,3,2,0.7,2,-1,0.0,0.0,OPTIMAL,True,77.1333,FEASIBLE,False,10.32,92.8166,0.0,0.07,270,20.33,False,32.7,True,True
ve_n20_m4_f3_c2_t0.7_r3,20,4,3,2,0.7,3,-1,0.0,0.0,OPTIMAL,True,80.9333,FEASIBLE,False,9.81,81.8165,0.0,0.066,244,1.09,False,32.7,True,True
ve_n20_m4_f3_c2_t0.7_r4,20,4,3,2,0.7,4,-1,0.0,0.0,OPTIMAL,True,67.8,FEASIBLE,False,9.79,75.9,0.0,0.029,434,11.95,False,43.3,True,True
